pair,direction,content_label,style_label,candidate_id,content_index,style_index
cat / dog,cat -> dog,3,5,content_2291_style_5701,2291,5701
cat / dog,cat -> dog,3,5,content_4023_style_2265,4023,2265
cat / dog,cat -> dog,3,5,content_2539_style_5924,2539,5924
cat / dog,cat -> dog,3,5,content_6952_style_97,6952,97
cat / dog,cat -> dog,3,5,content_4323_style_4966,4323,4966
cat / dog,cat -> dog,3,5,content_6952_style_4570,6952,4570
cat / dog,cat -> dog,3,5,content_4323_style_2458,4323,2458
cat / dog,cat -> dog,3,5,content_4323_style_1095,4323,1095
cat / dog,cat -> dog,3,5,content_6952_style_5496,6952,5496
cat / dog,cat -> dog,3,5,content_791_style_319,791,319
cat / dog,cat -> dog,3,5,content_2861_style_5701,2861,5701
cat / dog,cat -> dog,3,5,content_2539_style_5701,2539,5701
cat / dog,cat -> dog,3,5,content_4023_style_1644,4023,1644
cat / dog,cat -> dog,3,5,content_6952_style_7706,6952,7706
cat / dog,cat -> dog,3,5,content_677_style_568,677,568
cat / dog,cat -> dog,3,5,content_672_style_4570,672,4570
cat / dog,cat -> dog,3,5,content_7797_style_6414,7797,6414
cat / dog,cat -> dog,3,5,content_791_style_2268,791,2268
cat / dog,cat -> dog,3,5,content_4330_style_4953,4330,4953
cat / dog,cat -> dog,3,5,content_3914_style_7776,3914,7776
cat / dog,dog -> cat,5,3,content_568_style_979,568,979
cat / dog,dog -> cat,5,3,content_4570_style_1401,4570,1401
cat / dog,dog -> cat,5,3,content_5496_style_1204,5496,1204
cat / dog,dog -> cat,5,3,content_2334_style_7797,2334,7797
cat / dog,dog -> cat,5,3,content_7706_style_3851,7706,3851
cat / dog,dog -> cat,5,3,content_7776_style_2539,7776,2539
cat / dog,dog -> cat,5,3,content_4290_style_1204,4290,1204
cat / dog,dog -> cat,5,3,content_319_style_3276,319,3276
cat / dog,dog -> cat,5,3,content_4570_style_3276,4570,3276
cat / dog,dog -> cat,5,3,content_2623_style_632,2623,632
cat / dog,dog -> cat,5,3,content_97_style_6490,97,6490
cat / dog,dog -> cat,5,3,content_6224_style_4330,6224,4330
cat / dog,dog -> cat,5,3,content_2427_style_3383,2427,3383
cat / dog,dog -> cat,5,3,content_319_style_2536,319,2536
cat / dog,dog -> cat,5,3,content_2427_style_979,2427,979
cat / dog,dog -> cat,5,3,content_2458_style_7797,2458,7797
cat / dog,dog -> cat,5,3,content_4850_style_1370,4850,1370
cat / dog,dog -> cat,5,3,content_5101_style_4908,5101,4908
cat / dog,dog -> cat,5,3,content_6989_style_672,6989,672
cat / dog,dog -> cat,5,3,content_319_style_365,319,365
deer / horse,deer -> horse,4,6,content_3994_style_4411,3994,4411
deer / horse,deer -> horse,4,6,content_6528_style_977,6528,977
deer / horse,deer -> horse,4,6,content_2898_style_4341,2898,4341
deer / horse,deer -> horse,4,6,content_2898_style_3494,2898,3494
deer / horse,deer -> horse,4,6,content_4054_style_4254,4054,4254
deer / horse,deer -> horse,4,6,content_5789_style_929,5789,929
deer / horse,deer -> horse,4,6,content_5402_style_5858,5402,5858
deer / horse,deer -> horse,4,6,content_1124_style_929,1124,929
deer / horse,deer -> horse,4,6,content_3458_style_4093,3458,4093
deer / horse,deer -> horse,4,6,content_6508_style_929,6508,929
deer / horse,deer -> horse,4,6,content_6288_style_7726,6288,7726
deer / horse,deer -> horse,4,6,content_3994_style_7726,3994,7726
deer / horse,deer -> horse,4,6,content_6097_style_5408,6097,5408
deer / horse,deer -> horse,4,6,content_3458_style_3844,3458,3844
deer / horse,deer -> horse,4,6,content_2399_style_3515,2399,3515
deer / horse,deer -> horse,4,6,content_5556_style_2676,5556,2676
deer / horse,deer -> horse,4,6,content_5402_style_7726,5402,7726
deer / horse,deer -> horse,4,6,content_2757_style_4746,2757,4746
deer / horse,deer -> horse,4,6,content_855_style_5408,855,5408
deer / horse,deer -> horse,4,6,content_2757_style_3418,2757,3418
deer / horse,horse -> deer,6,4,content_4731_style_5213,4731,5213
deer / horse,horse -> deer,6,4,content_1667_style_3763,1667,3763
deer / horse,horse -> deer,6,4,content_2610_style_3512,2610,3512
deer / horse,horse -> deer,6,4,content_5382_style_7692,5382,7692
deer / horse,horse -> deer,6,4,content_929_style_2898,929,2898
deer / horse,horse -> deer,6,4,content_964_style_3179,964,3179
deer / horse,horse -> deer,6,4,content_3777_style_506,3777,506
deer / horse,horse -> deer,6,4,content_4011_style_766,4011,766
deer / horse,horse -> deer,6,4,content_5082_style_5135,5082,5135
deer / horse,horse -> deer,6,4,content_7726_style_1960,7726,1960
deer / horse,horse -> deer,6,4,content_5082_style_3891,5082,3891
deer / horse,horse -> deer,6,4,content_5382_style_1429,5382,1429
deer / horse,horse -> deer,6,4,content_3418_style_5062,3418,5062
deer / horse,horse -> deer,6,4,content_1667_style_2757,1667,2757
deer / horse,horse -> deer,6,4,content_3515_style_1211,3515,1211
deer / horse,horse -> deer,6,4,content_4754_style_3365,4754,3365
deer / horse,horse -> deer,6,4,content_4341_style_691,4341,691
deer / horse,horse -> deer,6,4,content_3292_style_3891,3292,3891
deer / horse,horse -> deer,6,4,content_5082_style_1124,5082,1124
deer / horse,horse -> deer,6,4,content_3777_style_7610,3777,7610
bird / monkey,bird -> monkey,1,7,content_5560_style_4748,5560,4748
bird / monkey,bird -> monkey,1,7,content_2116_style_3288,2116,3288
bird / monkey,bird -> monkey,1,7,content_3079_style_3446,3079,3446
bird / monkey,bird -> monkey,1,7,content_2178_style_4308,2178,4308
bird / monkey,bird -> monkey,1,7,content_3413_style_4403,3413,4403
bird / monkey,bird -> monkey,1,7,content_2095_style_4236,2095,4236
bird / monkey,bird -> monkey,1,7,content_7033_style_4791,7033,4791
bird / monkey,bird -> monkey,1,7,content_95_style_4704,95,4704
bird / monkey,bird -> monkey,1,7,content_2070_style_5848,2070,5848
bird / monkey,bird -> monkey,1,7,content_261_style_3467,261,3467
bird / monkey,bird -> monkey,1,7,content_95_style_323,95,323
bird / monkey,bird -> monkey,1,7,content_6805_style_7270,6805,7270
bird / monkey,bird -> monkey,1,7,content_5560_style_3467,5560,3467
bird / monkey,bird -> monkey,1,7,content_2116_style_4748,2116,4748
bird / monkey,bird -> monkey,1,7,content_3413_style_3404,3413,3404
bird / monkey,bird -> monkey,1,7,content_7955_style_1473,7955,1473
bird / monkey,bird -> monkey,1,7,content_6954_style_7270,6954,7270
bird / monkey,bird -> monkey,1,7,content_7202_style_4704,7202,4704
bird / monkey,bird -> monkey,1,7,content_7390_style_1473,7390,1473
bird / monkey,bird -> monkey,1,7,content_5092_style_5719,5092,5719
bird / monkey,monkey -> bird,7,1,content_1579_style_2116,1579,2116
bird / monkey,monkey -> bird,7,1,content_1711_style_1568,1711,1568
bird / monkey,monkey -> bird,7,1,content_1703_style_6349,1703,6349
bird / monkey,monkey -> bird,7,1,content_1440_style_5560,1440,5560
bird / monkey,monkey -> bird,7,1,content_269_style_825,269,825
bird / monkey,monkey -> bird,7,1,content_2501_style_7029,2501,7029
bird / monkey,monkey -> bird,7,1,content_6772_style_3413,6772,3413
bird / monkey,monkey -> bird,7,1,content_1703_style_5560,1703,5560
bird / monkey,monkey -> bird,7,1,content_3446_style_7033,3446,7033
bird / monkey,monkey -> bird,7,1,content_4661_style_5560,4661,5560
bird / monkey,monkey -> bird,7,1,content_1032_style_2116,1032,2116
bird / monkey,monkey -> bird,7,1,content_1711_style_3491,1711,3491
bird / monkey,monkey -> bird,7,1,content_1927_style_5220,1927,5220
bird / monkey,monkey -> bird,7,1,content_1956_style_3491,1956,3491
bird / monkey,monkey -> bird,7,1,content_5719_style_5488,5719,5488
bird / monkey,monkey -> bird,7,1,content_4403_style_261,4403,261
bird / monkey,monkey -> bird,7,1,content_3867_style_2095,3867,2095
bird / monkey,monkey -> bird,7,1,content_4704_style_5560,4704,5560
bird / monkey,monkey -> bird,7,1,content_4172_style_95,4172,95
bird / monkey,monkey -> bird,7,1,content_7270_style_5560,7270,5560
car / truck,car -> truck,2,9,content_4735_style_5301,4735,5301
car / truck,car -> truck,2,9,content_4735_style_7047,4735,7047
car / truck,car -> truck,2,9,content_2502_style_1411,2502,1411
car / truck,car -> truck,2,9,content_6244_style_2655,6244,2655
car / truck,car -> truck,2,9,content_3163_style_7544,3163,7544
car / truck,car -> truck,2,9,content_317_style_7047,317,7047
car / truck,car -> truck,2,9,content_483_style_3942,483,3942
car / truck,car -> truck,2,9,content_5333_style_7752,5333,7752
car / truck,car -> truck,2,9,content_5395_style_303,5395,303
car / truck,car -> truck,2,9,content_714_style_7047,714,7047
car / truck,car -> truck,2,9,content_1403_style_1654,1403,1654
car / truck,car -> truck,2,9,content_35_style_7752,35,7752
car / truck,car -> truck,2,9,content_483_style_7047,483,7047
car / truck,car -> truck,2,9,content_3024_style_2011,3024,2011
car / truck,car -> truck,2,9,content_4065_style_7752,4065,7752
car / truck,car -> truck,2,9,content_6503_style_419,6503,419
car / truck,car -> truck,2,9,content_5237_style_5284,5237,5284
car / truck,car -> truck,2,9,content_6028_style_5788,6028,5788
car / truck,car -> truck,2,9,content_6354_style_7380,6354,7380
car / truck,car -> truck,2,9,content_2082_style_2351,2082,2351
car / truck,truck -> car,9,2,content_805_style_317,805,317
car / truck,truck -> car,9,2,content_131_style_5756,131,5756
car / truck,truck -> car,9,2,content_5981_style_6264,5981,6264
car / truck,truck -> car,9,2,content_7752_style_981,7752,981
car / truck,truck -> car,9,2,content_5301_style_5318,5301,5318
car / truck,truck -> car,9,2,content_191_style_4065,191,4065
car / truck,truck -> car,9,2,content_1022_style_4913,1022,4913
car / truck,truck -> car,9,2,content_1468_style_981,1468,981
car / truck,truck -> car,9,2,content_7380_style_35,7380,35
car / truck,truck -> car,9,2,content_7995_style_7425,7995,7425
car / truck,truck -> car,9,2,content_191_style_4913,191,4913
car / truck,truck -> car,9,2,content_7047_style_5395,7047,5395
car / truck,truck -> car,9,2,content_1022_style_5237,1022,5237
car / truck,truck -> car,9,2,content_5452_style_1520,5452,1520
car / truck,truck -> car,9,2,content_191_style_6692,191,6692
car / truck,truck -> car,9,2,content_2414_style_4065,2414,4065
car / truck,truck -> car,9,2,content_5572_style_3755,5572,3755
car / truck,truck -> car,9,2,content_2114_style_5824,2114,5824
car / truck,truck -> car,9,2,content_276_style_5677,276,5677
car / truck,truck -> car,9,2,content_2414_style_3362,2414,3362
airplane / ship,airplane -> ship,0,8,content_1977_style_7446,1977,7446
airplane / ship,airplane -> ship,0,8,content_4617_style_4069,4617,4069
airplane / ship,airplane -> ship,0,8,content_3965_style_7446,3965,7446
airplane / ship,airplane -> ship,0,8,content_3_style_5525,3,5525
airplane / ship,airplane -> ship,0,8,content_42_style_7818,42,7818
airplane / ship,airplane -> ship,0,8,content_1648_style_7460,1648,7460
airplane / ship,airplane -> ship,0,8,content_6844_style_7460,6844,7460
airplane / ship,airplane -> ship,0,8,content_1553_style_4069,1553,4069
airplane / ship,airplane -> ship,0,8,content_6986_style_7810,6986,7810
airplane / ship,airplane -> ship,0,8,content_6609_style_4311,6609,4311
airplane / ship,airplane -> ship,0,8,content_4893_style_1833,4893,1833
airplane / ship,airplane -> ship,0,8,content_7009_style_667,7009,667
airplane / ship,airplane -> ship,0,8,content_4819_style_4676,4819,4676
airplane / ship,airplane -> ship,0,8,content_1596_style_2340,1596,2340
airplane / ship,airplane -> ship,0,8,content_4615_style_2191,4615,2191
airplane / ship,airplane -> ship,0,8,content_5918_style_7476,5918,7476
airplane / ship,airplane -> ship,0,8,content_7634_style_1247,7634,1247
airplane / ship,airplane -> ship,0,8,content_7634_style_3948,7634,3948
airplane / ship,airplane -> ship,0,8,content_3083_style_2745,3083,2745
airplane / ship,airplane -> ship,0,8,content_2750_style_2230,2750,2230
airplane / ship,ship -> airplane,8,0,content_962_style_1977,962,1977
airplane / ship,ship -> airplane,8,0,content_667_style_1977,667,1977
airplane / ship,ship -> airplane,8,0,content_6434_style_7262,6434,7262
airplane / ship,ship -> airplane,8,0,content_706_style_6986,706,6986
airplane / ship,ship -> airplane,8,0,content_2191_style_4539,2191,4539
airplane / ship,ship -> airplane,8,0,content_4990_style_4617,4990,4617
airplane / ship,ship -> airplane,8,0,content_4177_style_4399,4177,4399
airplane / ship,ship -> airplane,8,0,content_5694_style_3876,5694,3876
airplane / ship,ship -> airplane,8,0,content_6434_style_4819,6434,4819
airplane / ship,ship -> airplane,8,0,content_716_style_3,716,3
airplane / ship,ship -> airplane,8,0,content_4177_style_7320,4177,7320
airplane / ship,ship -> airplane,8,0,content_716_style_4893,716,4893
airplane / ship,ship -> airplane,8,0,content_6689_style_4893,6689,4893
airplane / ship,ship -> airplane,8,0,content_151_style_4617,151,4617
airplane / ship,ship -> airplane,8,0,content_2340_style_2888,2340,2888
airplane / ship,ship -> airplane,8,0,content_3948_style_4675,3948,4675
airplane / ship,ship -> airplane,8,0,content_2109_style_6609,2109,6609
airplane / ship,ship -> airplane,8,0,content_667_style_5912,667,5912
airplane / ship,ship -> airplane,8,0,content_4552_style_7262,4552,7262
airplane / ship,ship -> airplane,8,0,content_1954_style_7465,1954,7465
