pair,direction,content_label,style_label,candidate_id,content_index,style_index,accepted,reason
cat / dog,cat -> dog,3,5,content_1563_style_2334,1563,2334,False,Only background color transferred; no visible object texture.
cat / dog,cat -> dog,3,5,content_4590_style_319,4590,319,False,Only background color transferred; no visible object texture.
cat / dog,cat -> dog,3,5,content_3375_style_2623,3375,2623,False,Only background color transferred; no visible object texture.
cat / dog,cat -> dog,3,5,content_2291_style_5701,2291,5701,True,Content outline remains clear; style surface pattern is visible.
cat / dog,cat -> dog,3,5,content_3914_style_3863,3914,3863,False,Only background color transferred; no visible object texture.
cat / dog,cat -> dog,3,5,content_2861_style_6716,2861,6716,False,Only background color transferred; no visible object texture.
cat / dog,cat -> dog,3,5,content_979_style_2334,979,2334,False,Only background color transferred; no visible object texture.
cat / dog,cat -> dog,3,5,content_3778_style_1644,3778,1644,False,Only background color transferred; no visible object texture.
cat / dog,cat -> dog,3,5,content_4330_style_1644,4330,1644,False,Only background color transferred; no visible object texture.
cat / dog,cat -> dog,3,5,content_4023_style_2265,4023,2265,True,Content outline remains clear; style surface pattern is visible.
cat / dog,cat -> dog,3,5,content_2539_style_5924,2539,5924,True,Content outline remains clear; style surface pattern is visible.
cat / dog,cat -> dog,3,5,content_7797_style_5332,7797,5332,False,Only background color transferred; no visible object texture.
cat / dog,cat -> dog,3,5,content_4821_style_6716,4821,6716,False,Only background color transferred; no visible object texture.
cat / dog,cat -> dog,3,5,content_6952_style_2807,6952,2807,False,Only background color transferred; no visible object texture.
cat / dog,cat -> dog,3,5,content_6952_style_97,6952,97,True,Content outline remains clear; style surface pattern is visible.
cat / dog,cat -> dog,3,5,content_7744_style_5924,7744,5924,False,Only background color transferred; no visible object texture.
cat / dog,cat -> dog,3,5,content_4323_style_4966,4323,4966,True,Content outline remains clear; style surface pattern is visible.
cat / dog,cat -> dog,3,5,content_632_style_2458,632,2458,False,Only background color transferred; no visible object texture.
cat / dog,cat -> dog,3,5,content_1263_style_7706,1263,7706,False,Only background color transferred; no visible object texture.
cat / dog,cat -> dog,3,5,content_4821_style_6922,4821,6922,False,Only background color transferred; no visible object texture.
cat / dog,cat -> dog,3,5,content_6952_style_4570,6952,4570,True,Content outline remains clear; style surface pattern is visible.
cat / dog,cat -> dog,3,5,content_4323_style_2458,4323,2458,True,Content outline remains clear; style surface pattern is visible.
cat / dog,cat -> dog,3,5,content_4323_style_1095,4323,1095,True,Content outline remains clear; style surface pattern is visible.
cat / dog,cat -> dog,3,5,content_7744_style_7474,7744,7474,False,Only background color transferred; no visible object texture.
cat / dog,cat -> dog,3,5,content_2536_style_5924,2536,5924,False,Only background color transferred; no visible object texture.
cat / dog,cat -> dog,3,5,content_1531_style_4290,1531,4290,False,Only background color transferred; no visible object texture.
cat / dog,cat -> dog,3,5,content_1263_style_4953,1263,4953,False,Only background color transferred; no visible object texture.
cat / dog,cat -> dog,3,5,content_3562_style_7413,3562,7413,False,Only background color transferred; no visible object texture.
cat / dog,cat -> dog,3,5,content_2861_style_1552,2861,1552,False,Only background color transferred; no visible object texture.
cat / dog,cat -> dog,3,5,content_4023_style_6224,4023,6224,False,Only background color transferred; no visible object texture.
cat / dog,cat -> dog,3,5,content_6952_style_5496,6952,5496,True,Content outline remains clear; style surface pattern is visible.
cat / dog,cat -> dog,3,5,content_2028_style_645,2028,645,False,Only background color transferred; no visible object texture.
cat / dog,cat -> dog,3,5,content_2861_style_1626,2861,1626,False,Only background color transferred; no visible object texture.
cat / dog,cat -> dog,3,5,content_4215_style_1552,4215,1552,False,Only background color transferred; no visible object texture.
cat / dog,cat -> dog,3,5,content_791_style_319,791,319,True,Content outline remains clear; style surface pattern is visible.
cat / dog,cat -> dog,3,5,content_1263_style_4966,1263,4966,False,Only background color transferred; no visible object texture.
cat / dog,cat -> dog,3,5,content_3914_style_645,3914,645,False,Only background color transferred; no visible object texture.
cat / dog,cat -> dog,3,5,content_3276_style_3852,3276,3852,False,Only background color transferred; no visible object texture.
cat / dog,cat -> dog,3,5,content_2861_style_5701,2861,5701,True,Content outline remains clear; style surface pattern is visible.
cat / dog,cat -> dog,3,5,content_1204_style_685,1204,685,False,Only background color transferred; no visible object texture.
cat / dog,cat -> dog,3,5,content_3914_style_2807,3914,2807,False,Only background color transferred; no visible object texture.
cat / dog,cat -> dog,3,5,content_6490_style_1095,6490,1095,False,Only background color transferred; no visible object texture.
cat / dog,cat -> dog,3,5,content_677_style_1626,677,1626,False,Only background color transferred; no visible object texture.
cat / dog,cat -> dog,3,5,content_3562_style_2391,3562,2391,False,Only background color transferred; no visible object texture.
cat / dog,cat -> dog,3,5,content_2539_style_5701,2539,5701,True,Content outline remains clear; style surface pattern is visible.
cat / dog,cat -> dog,3,5,content_4023_style_1644,4023,1644,True,Content outline remains clear; style surface pattern is visible.
cat / dog,cat -> dog,3,5,content_3383_style_3889,3383,3889,False,Only background color transferred; no visible object texture.
cat / dog,cat -> dog,3,5,content_4881_style_3889,4881,3889,False,Only background color transferred; no visible object texture.
cat / dog,cat -> dog,3,5,content_1401_style_6224,1401,6224,False,Only background color transferred; no visible object texture.
cat / dog,cat -> dog,3,5,content_6952_style_7706,6952,7706,True,Content outline remains clear; style surface pattern is visible.
cat / dog,cat -> dog,3,5,content_372_style_2950,372,2950,False,Only background color transferred; no visible object texture.
cat / dog,cat -> dog,3,5,content_3562_style_6358,3562,6358,False,Only background color transferred; no visible object texture.
cat / dog,cat -> dog,3,5,content_2536_style_6922,2536,6922,False,Only background color transferred; no visible object texture.
cat / dog,cat -> dog,3,5,content_1563_style_5701,1563,5701,False,Only background color transferred; no visible object texture.
cat / dog,cat -> dog,3,5,content_677_style_568,677,568,True,Content outline remains clear; style surface pattern is visible.
cat / dog,cat -> dog,3,5,content_672_style_4570,672,4570,True,Content outline remains clear; style surface pattern is visible.
cat / dog,cat -> dog,3,5,content_3562_style_7706,3562,7706,False,Only background color transferred; no visible object texture.
cat / dog,cat -> dog,3,5,content_7797_style_6414,7797,6414,True,Content outline remains clear; style surface pattern is visible.
cat / dog,cat -> dog,3,5,content_3851_style_7041,3851,7041,False,Only background color transferred; no visible object texture.
cat / dog,cat -> dog,3,5,content_979_style_7130,979,7130,False,Only background color transferred; no visible object texture.
cat / dog,cat -> dog,3,5,content_791_style_568,791,568,False,Only background color transferred; no visible object texture.
cat / dog,cat -> dog,3,5,content_791_style_2268,791,2268,True,Content outline remains clear; style surface pattern is visible.
cat / dog,cat -> dog,3,5,content_4330_style_4953,4330,4953,True,Content outline remains clear; style surface pattern is visible.
cat / dog,cat -> dog,3,5,content_5528_style_2268,5528,2268,False,Only background color transferred; no visible object texture.
cat / dog,cat -> dog,3,5,content_2536_style_2268,2536,2268,False,Only background color transferred; no visible object texture.
cat / dog,cat -> dog,3,5,content_5528_style_5381,5528,5381,False,Only background color transferred; no visible object texture.
cat / dog,cat -> dog,3,5,content_3778_style_6922,3778,6922,False,Only background color transferred; no visible object texture.
cat / dog,cat -> dog,3,5,content_3914_style_5332,3914,5332,False,Only background color transferred; no visible object texture.
cat / dog,cat -> dog,3,5,content_6490_style_2623,6490,2623,False,Only background color transferred; no visible object texture.
cat / dog,cat -> dog,3,5,content_3383_style_6716,3383,6716,False,Only background color transferred; no visible object texture.
cat / dog,cat -> dog,3,5,content_4330_style_685,4330,685,False,Only background color transferred; no visible object texture.
cat / dog,cat -> dog,3,5,content_677_style_6922,677,6922,False,Only background color transferred; no visible object texture.
cat / dog,cat -> dog,3,5,content_3914_style_7776,3914,7776,True,Content outline remains clear; style surface pattern is visible.
cat / dog,dog -> cat,5,3,content_4547_style_4168,4547,4168,False,Only background color transferred; no visible object texture.
cat / dog,dog -> cat,5,3,content_568_style_979,568,979,True,Content outline remains clear; style surface pattern is visible.
cat / dog,dog -> cat,5,3,content_2268_style_372,2268,372,False,Only background color transferred; no visible object texture.
cat / dog,dog -> cat,5,3,content_5924_style_3851,5924,3851,False,Only background color transferred; no visible object texture.
cat / dog,dog -> cat,5,3,content_6716_style_1204,6716,1204,False,Only background color transferred; no visible object texture.
cat / dog,dog -> cat,5,3,content_4570_style_1401,4570,1401,True,Content outline remains clear; style surface pattern is visible.
cat / dog,dog -> cat,5,3,content_5496_style_1204,5496,1204,True,Content outline remains clear; style surface pattern is visible.
cat / dog,dog -> cat,5,3,content_2334_style_7797,2334,7797,True,Content outline remains clear; style surface pattern is visible.
cat / dog,dog -> cat,5,3,content_6716_style_372,6716,372,False,Only background color transferred; no visible object texture.
cat / dog,dog -> cat,5,3,content_6922_style_2291,6922,2291,False,Only background color transferred; no visible object texture.
cat / dog,dog -> cat,5,3,content_7706_style_3851,7706,3851,True,Content outline remains clear; style surface pattern is visible.
cat / dog,dog -> cat,5,3,content_4953_style_738,4953,738,False,Only background color transferred; no visible object texture.
cat / dog,dog -> cat,5,3,content_7413_style_3276,7413,3276,False,Only background color transferred; no visible object texture.
cat / dog,dog -> cat,5,3,content_7776_style_2539,7776,2539,True,Content outline remains clear; style surface pattern is visible.
cat / dog,dog -> cat,5,3,content_2623_style_1370,2623,1370,False,Only background color transferred; no visible object texture.
cat / dog,dog -> cat,5,3,content_4290_style_1204,4290,1204,True,Content outline remains clear; style surface pattern is visible.
cat / dog,dog -> cat,5,3,content_3852_style_1563,3852,1563,False,Only background color transferred; no visible object texture.
cat / dog,dog -> cat,5,3,content_319_style_3276,319,3276,True,Content outline remains clear; style surface pattern is visible.
cat / dog,dog -> cat,5,3,content_2268_style_3383,2268,3383,False,Only background color transferred; no visible object texture.
cat / dog,dog -> cat,5,3,content_97_style_3778,97,3778,False,Only background color transferred; no visible object texture.
cat / dog,dog -> cat,5,3,content_1095_style_7797,1095,7797,False,Only background color transferred; no visible object texture.
cat / dog,dog -> cat,5,3,content_4290_style_4168,4290,4168,False,Only background color transferred; no visible object texture.
cat / dog,dog -> cat,5,3,content_4106_style_1531,4106,1531,False,Only background color transferred; no visible object texture.
cat / dog,dog -> cat,5,3,content_4570_style_3276,4570,3276,True,Content outline remains clear; style surface pattern is visible.
cat / dog,dog -> cat,5,3,content_7041_style_3851,7041,3851,False,Only background color transferred; no visible object texture.
cat / dog,dog -> cat,5,3,content_2623_style_632,2623,632,True,Content outline remains clear; style surface pattern is visible.
cat / dog,dog -> cat,5,3,content_4547_style_3276,4547,3276,False,Only background color transferred; no visible object texture.
cat / dog,dog -> cat,5,3,content_6414_style_3375,6414,3375,False,Only background color transferred; no visible object texture.
cat / dog,dog -> cat,5,3,content_7413_style_2291,7413,2291,False,Only background color transferred; no visible object texture.
cat / dog,dog -> cat,5,3,content_4290_style_3383,4290,3383,False,Only background color transferred; no visible object texture.
cat / dog,dog -> cat,5,3,content_97_style_6490,97,6490,True,Content outline remains clear; style surface pattern is visible.
cat / dog,dog -> cat,5,3,content_6414_style_1370,6414,1370,False,Only background color transferred; no visible object texture.
cat / dog,dog -> cat,5,3,content_4850_style_6952,4850,6952,False,Only background color transferred; no visible object texture.
cat / dog,dog -> cat,5,3,content_6224_style_4330,6224,4330,True,Content outline remains clear; style surface pattern is visible.
cat / dog,dog -> cat,5,3,content_2427_style_3383,2427,3383,True,Content outline remains clear; style surface pattern is visible.
cat / dog,dog -> cat,5,3,content_3353_style_791,3353,791,False,Only background color transferred; no visible object texture.
cat / dog,dog -> cat,5,3,content_5381_style_4881,5381,4881,False,Only background color transferred; no visible object texture.
cat / dog,dog -> cat,5,3,content_2458_style_2754,2458,2754,False,Only background color transferred; no visible object texture.
cat / dog,dog -> cat,5,3,content_2334_style_632,2334,632,False,Only background color transferred; no visible object texture.
cat / dog,dog -> cat,5,3,content_4850_style_1401,4850,1401,False,Only background color transferred; no visible object texture.
cat / dog,dog -> cat,5,3,content_1626_style_3276,1626,3276,False,Only background color transferred; no visible object texture.
cat / dog,dog -> cat,5,3,content_4106_style_7793,4106,7793,False,Only background color transferred; no visible object texture.
cat / dog,dog -> cat,5,3,content_3353_style_1431,3353,1431,False,Only background color transferred; no visible object texture.
cat / dog,dog -> cat,5,3,content_3852_style_6952,3852,6952,False,Only background color transferred; no visible object texture.
cat / dog,dog -> cat,5,3,content_5381_style_176,5381,176,False,Only background color transferred; no visible object texture.
cat / dog,dog -> cat,5,3,content_7474_style_5528,7474,5528,False,Only background color transferred; no visible object texture.
cat / dog,dog -> cat,5,3,content_7706_style_4609,7706,4609,False,Only background color transferred; no visible object texture.
cat / dog,dog -> cat,5,3,content_319_style_4609,319,4609,False,Only background color transferred; no visible object texture.
cat / dog,dog -> cat,5,3,content_7413_style_2536,7413,2536,False,Only background color transferred; no visible object texture.
cat / dog,dog -> cat,5,3,content_4953_style_4881,4953,4881,False,Only background color transferred; no visible object texture.
cat / dog,dog -> cat,5,3,content_319_style_2536,319,2536,True,Content outline remains clear; style surface pattern is visible.
cat / dog,dog -> cat,5,3,content_3353_style_4590,3353,4590,False,Only background color transferred; no visible object texture.
cat / dog,dog -> cat,5,3,content_2427_style_979,2427,979,True,Content outline remains clear; style surface pattern is visible.
cat / dog,dog -> cat,5,3,content_2807_style_176,2807,176,False,Only background color transferred; no visible object texture.
cat / dog,dog -> cat,5,3,content_7474_style_4168,7474,4168,False,Only background color transferred; no visible object texture.
cat / dog,dog -> cat,5,3,content_2458_style_7797,2458,7797,True,Content outline remains clear; style surface pattern is visible.
cat / dog,dog -> cat,5,3,content_4850_style_1370,4850,1370,True,Content outline remains clear; style surface pattern is visible.
cat / dog,dog -> cat,5,3,content_5924_style_1531,5924,1531,False,Only background color transferred; no visible object texture.
cat / dog,dog -> cat,5,3,content_5381_style_365,5381,365,False,Only background color transferred; no visible object texture.
cat / dog,dog -> cat,5,3,content_5101_style_4908,5101,4908,True,Content outline remains clear; style surface pattern is visible.
cat / dog,dog -> cat,5,3,content_5924_style_4023,5924,4023,False,Only background color transferred; no visible object texture.
cat / dog,dog -> cat,5,3,content_4290_style_4215,4290,4215,False,Only background color transferred; no visible object texture.
cat / dog,dog -> cat,5,3,content_2391_style_672,2391,672,False,Only background color transferred; no visible object texture.
cat / dog,dog -> cat,5,3,content_6989_style_672,6989,672,True,Content outline remains clear; style surface pattern is visible.
cat / dog,dog -> cat,5,3,content_568_style_4215,568,4215,False,Only background color transferred; no visible object texture.
cat / dog,dog -> cat,5,3,content_4106_style_3276,4106,3276,False,Only background color transferred; no visible object texture.
cat / dog,dog -> cat,5,3,content_6716_style_2861,6716,2861,False,Only background color transferred; no visible object texture.
cat / dog,dog -> cat,5,3,content_3863_style_6952,3863,6952,False,Only background color transferred; no visible object texture.
cat / dog,dog -> cat,5,3,content_6358_style_4323,6358,4323,False,Only background color transferred; no visible object texture.
cat / dog,dog -> cat,5,3,content_4966_style_391,4966,391,False,Only background color transferred; no visible object texture.
cat / dog,dog -> cat,5,3,content_2766_style_4168,2766,4168,False,Only background color transferred; no visible object texture.
cat / dog,dog -> cat,5,3,content_319_style_365,319,365,True,Content outline remains clear; style surface pattern is visible.
deer / horse,deer -> horse,4,6,content_7864_style_6381,7864,6381,False,Only background color transferred; no visible object texture.
deer / horse,deer -> horse,4,6,content_3994_style_4411,3994,4411,True,Content outline remains clear; style surface pattern is visible.
deer / horse,deer -> horse,4,6,content_6528_style_977,6528,977,True,Content outline remains clear; style surface pattern is visible.
deer / horse,deer -> horse,4,6,content_7944_style_6381,7944,6381,False,Only background color transferred; no visible object texture.
deer / horse,deer -> horse,4,6,content_7475_style_890,7475,890,False,Only background color transferred; no visible object texture.
deer / horse,deer -> horse,4,6,content_7864_style_7726,7864,7726,False,Only background color transferred; no visible object texture.
deer / horse,deer -> horse,4,6,content_506_style_5857,506,5857,False,Only background color transferred; no visible object texture.
deer / horse,deer -> horse,4,6,content_2898_style_4341,2898,4341,True,Content outline remains clear; style surface pattern is visible.
deer / horse,deer -> horse,4,6,content_2898_style_3494,2898,3494,True,Content outline remains clear; style surface pattern is visible.
deer / horse,deer -> horse,4,6,content_4054_style_4254,4054,4254,True,Content outline remains clear; style surface pattern is visible.
deer / horse,deer -> horse,4,6,content_6288_style_2676,6288,2676,False,Only background color transferred; no visible object texture.
deer / horse,deer -> horse,4,6,content_7864_style_5382,7864,5382,False,Only background color transferred; no visible object texture.
deer / horse,deer -> horse,4,6,content_5789_style_929,5789,929,True,Content outline remains clear; style surface pattern is visible.
deer / horse,deer -> horse,4,6,content_5402_style_5858,5402,5858,True,Content outline remains clear; style surface pattern is visible.
deer / horse,deer -> horse,4,6,content_1124_style_929,1124,929,True,Content outline remains clear; style surface pattern is visible.
deer / horse,deer -> horse,4,6,content_4629_style_7779,4629,7779,False,Only background color transferred; no visible object texture.
deer / horse,deer -> horse,4,6,content_2399_style_4827,2399,4827,False,Only background color transferred; no visible object texture.
deer / horse,deer -> horse,4,6,content_3458_style_4093,3458,4093,True,Content outline remains clear; style surface pattern is visible.
deer / horse,deer -> horse,4,6,content_766_style_1534,766,1534,False,Only background color transferred; no visible object texture.
deer / horse,deer -> horse,4,6,content_6508_style_929,6508,929,True,Content outline remains clear; style surface pattern is visible.
deer / horse,deer -> horse,4,6,content_6508_style_449,6508,449,False,Only background color transferred; no visible object texture.
deer / horse,deer -> horse,4,6,content_6288_style_7726,6288,7726,True,Content outline remains clear; style surface pattern is visible.
deer / horse,deer -> horse,4,6,content_6508_style_4754,6508,4754,False,Only background color transferred; no visible object texture.
deer / horse,deer -> horse,4,6,content_3994_style_7726,3994,7726,True,Content outline remains clear; style surface pattern is visible.
deer / horse,deer -> horse,4,6,content_3994_style_3494,3994,3494,False,Only background color transferred; no visible object texture.
deer / horse,deer -> horse,4,6,content_6528_style_449,6528,449,False,Only background color transferred; no visible object texture.
deer / horse,deer -> horse,4,6,content_6097_style_7555,6097,7555,False,Only background color transferred; no visible object texture.
deer / horse,deer -> horse,4,6,content_6097_style_5408,6097,5408,True,Content outline remains clear; style surface pattern is visible.
deer / horse,deer -> horse,4,6,content_3512_style_3779,3512,3779,False,Only background color transferred; no visible object texture.
deer / horse,deer -> horse,4,6,content_3458_style_3844,3458,3844,True,Content outline remains clear; style surface pattern is visible.
deer / horse,deer -> horse,4,6,content_3287_style_920,3287,920,False,Only background color transferred; no visible object texture.
deer / horse,deer -> horse,4,6,content_2399_style_3515,2399,3515,True,Content outline remains clear; style surface pattern is visible.
deer / horse,deer -> horse,4,6,content_6033_style_4620,6033,4620,False,Only background color transferred; no visible object texture.
deer / horse,deer -> horse,4,6,content_4629_style_3418,4629,3418,False,Only background color transferred; no visible object texture.
deer / horse,deer -> horse,4,6,content_5556_style_2676,5556,2676,True,Content outline remains clear; style surface pattern is visible.
deer / horse,deer -> horse,4,6,content_7864_style_545,7864,545,False,Only background color transferred; no visible object texture.
deer / horse,deer -> horse,4,6,content_1111_style_3844,1111,3844,False,Only background color transferred; no visible object texture.
deer / horse,deer -> horse,4,6,content_5402_style_7726,5402,7726,True,Content outline remains clear; style surface pattern is visible.
deer / horse,deer -> horse,4,6,content_3078_style_1667,3078,1667,False,Only background color transferred; no visible object texture.
deer / horse,deer -> horse,4,6,content_766_style_5082,766,5082,False,Only background color transferred; no visible object texture.
deer / horse,deer -> horse,4,6,content_2757_style_4746,2757,4746,True,Content outline remains clear; style surface pattern is visible.
deer / horse,deer -> horse,4,6,content_855_style_5408,855,5408,True,Content outline remains clear; style surface pattern is visible.
deer / horse,deer -> horse,4,6,content_2757_style_3418,2757,3418,True,Content outline remains clear; style surface pattern is visible.
deer / horse,horse -> deer,6,4,content_4731_style_5213,4731,5213,True,Content outline remains clear; style surface pattern is visible.
deer / horse,horse -> deer,6,4,content_6713_style_4629,6713,4629,False,Only background color transferred; no visible object texture.
deer / horse,horse -> deer,6,4,content_1667_style_3763,1667,3763,True,Content outline remains clear; style surface pattern is visible.
deer / horse,horse -> deer,6,4,content_5082_style_3078,5082,3078,False,Only background color transferred; no visible object texture.
deer / horse,horse -> deer,6,4,content_890_style_5077,890,5077,False,Only background color transferred; no visible object texture.
deer / horse,horse -> deer,6,4,content_1534_style_1124,1534,1124,False,Only background color transferred; no visible object texture.
deer / horse,horse -> deer,6,4,content_3779_style_4740,3779,4740,False,Only background color transferred; no visible object texture.
deer / horse,horse -> deer,6,4,content_2610_style_3512,2610,3512,True,Content outline remains clear; style surface pattern is visible.
deer / horse,horse -> deer,6,4,content_5382_style_7692,5382,7692,True,Content outline remains clear; style surface pattern is visible.
deer / horse,horse -> deer,6,4,content_929_style_2898,929,2898,True,Content outline remains clear; style surface pattern is visible.
deer / horse,horse -> deer,6,4,content_2610_style_7940,2610,7940,False,Only background color transferred; no visible object texture.
deer / horse,horse -> deer,6,4,content_964_style_3179,964,3179,True,Content outline remains clear; style surface pattern is visible.
deer / horse,horse -> deer,6,4,content_3777_style_506,3777,506,True,Content outline remains clear; style surface pattern is visible.
deer / horse,horse -> deer,6,4,content_5382_style_5213,5382,5213,False,Only background color transferred; no visible object texture.
deer / horse,horse -> deer,6,4,content_4011_style_766,4011,766,True,Content outline remains clear; style surface pattern is visible.
deer / horse,horse -> deer,6,4,content_4411_style_6288,4411,6288,False,Only background color transferred; no visible object texture.
deer / horse,horse -> deer,6,4,content_5082_style_5135,5082,5135,True,Content outline remains clear; style surface pattern is visible.
deer / horse,horse -> deer,6,4,content_890_style_3458,890,3458,False,Only background color transferred; no visible object texture.
deer / horse,horse -> deer,6,4,content_5857_style_4642,5857,4642,False,Only background color transferred; no visible object texture.
deer / horse,horse -> deer,6,4,content_7726_style_1960,7726,1960,True,Content outline remains clear; style surface pattern is visible.
deer / horse,horse -> deer,6,4,content_5082_style_3891,5082,3891,True,Content outline remains clear; style surface pattern is visible.
deer / horse,horse -> deer,6,4,content_3777_style_6097,3777,6097,False,Only background color transferred; no visible object texture.
deer / horse,horse -> deer,6,4,content_1534_style_506,1534,506,False,Only background color transferred; no visible object texture.
deer / horse,horse -> deer,6,4,content_3191_style_4740,3191,4740,False,Only background color transferred; no visible object texture.
deer / horse,horse -> deer,6,4,content_5382_style_1429,5382,1429,True,Content outline remains clear; style surface pattern is visible.
deer / horse,horse -> deer,6,4,content_3418_style_5062,3418,5062,True,Content outline remains clear; style surface pattern is visible.
deer / horse,horse -> deer,6,4,content_3494_style_7692,3494,7692,False,Only background color transferred; no visible object texture.
deer / horse,horse -> deer,6,4,content_3191_style_3365,3191,3365,False,Only background color transferred; no visible object texture.
deer / horse,horse -> deer,6,4,content_4827_style_3994,4827,3994,False,Only background color transferred; no visible object texture.
deer / horse,horse -> deer,6,4,content_6713_style_171,6713,171,False,Only background color transferred; no visible object texture.
deer / horse,horse -> deer,6,4,content_1667_style_2757,1667,2757,True,Content outline remains clear; style surface pattern is visible.
deer / horse,horse -> deer,6,4,content_6381_style_5062,6381,5062,False,Only background color transferred; no visible object texture.
deer / horse,horse -> deer,6,4,content_7726_style_1124,7726,1124,False,Only background color transferred; no visible object texture.
deer / horse,horse -> deer,6,4,content_5857_style_691,5857,691,False,Only background color transferred; no visible object texture.
deer / horse,horse -> deer,6,4,content_3292_style_7864,3292,7864,False,Only background color transferred; no visible object texture.
deer / horse,horse -> deer,6,4,content_3515_style_1211,3515,1211,True,Content outline remains clear; style surface pattern is visible.
deer / horse,horse -> deer,6,4,content_7555_style_1429,7555,1429,False,Only background color transferred; no visible object texture.
deer / horse,horse -> deer,6,4,content_890_style_3034,890,3034,False,Only background color transferred; no visible object texture.
deer / horse,horse -> deer,6,4,content_7555_style_3763,7555,3763,False,Only background color transferred; no visible object texture.
deer / horse,horse -> deer,6,4,content_4754_style_3365,4754,3365,True,Content outline remains clear; style surface pattern is visible.
deer / horse,horse -> deer,6,4,content_6713_style_5062,6713,5062,False,Only background color transferred; no visible object texture.
deer / horse,horse -> deer,6,4,content_7600_style_3179,7600,3179,False,Only background color transferred; no visible object texture.
deer / horse,horse -> deer,6,4,content_4341_style_691,4341,691,True,Content outline remains clear; style surface pattern is visible.
deer / horse,horse -> deer,6,4,content_5857_style_6528,5857,6528,False,Only background color transferred; no visible object texture.
deer / horse,horse -> deer,6,4,content_545_style_7692,545,7692,False,Only background color transferred; no visible object texture.
deer / horse,horse -> deer,6,4,content_7338_style_171,7338,171,False,Only background color transferred; no visible object texture.
deer / horse,horse -> deer,6,4,content_3292_style_3891,3292,3891,True,Content outline remains clear; style surface pattern is visible.
deer / horse,horse -> deer,6,4,content_5082_style_1124,5082,1124,True,Content outline remains clear; style surface pattern is visible.
deer / horse,horse -> deer,6,4,content_2958_style_5402,2958,5402,False,Only background color transferred; no visible object texture.
deer / horse,horse -> deer,6,4,content_3777_style_7610,3777,7610,True,Content outline remains clear; style surface pattern is visible.
bird / monkey,bird -> monkey,1,7,content_5560_style_4748,5560,4748,True,Content outline remains clear; style surface pattern is visible.
bird / monkey,bird -> monkey,1,7,content_6805_style_4403,6805,4403,False,Only background color transferred; no visible object texture.
bird / monkey,bird -> monkey,1,7,content_2116_style_3288,2116,3288,True,Content outline remains clear; style surface pattern is visible.
bird / monkey,bird -> monkey,1,7,content_3079_style_3446,3079,3446,True,Content outline remains clear; style surface pattern is visible.
bird / monkey,bird -> monkey,1,7,content_2178_style_4308,2178,4308,True,Content outline remains clear; style surface pattern is visible.
bird / monkey,bird -> monkey,1,7,content_1568_style_1579,1568,1579,False,Only background color transferred; no visible object texture.
bird / monkey,bird -> monkey,1,7,content_3413_style_4403,3413,4403,True,Content outline remains clear; style surface pattern is visible.
bird / monkey,bird -> monkey,1,7,content_7955_style_6084,7955,6084,False,Only background color transferred; no visible object texture.
bird / monkey,bird -> monkey,1,7,content_1993_style_1579,1993,1579,False,Only background color transferred; no visible object texture.
bird / monkey,bird -> monkey,1,7,content_2178_style_6084,2178,6084,False,Only background color transferred; no visible object texture.
bird / monkey,bird -> monkey,1,7,content_2095_style_4236,2095,4236,True,Content outline remains clear; style surface pattern is visible.
bird / monkey,bird -> monkey,1,7,content_4298_style_5436,4298,5436,False,Only background color transferred; no visible object texture.
bird / monkey,bird -> monkey,1,7,content_3079_style_5436,3079,5436,False,Only background color transferred; no visible object texture.
bird / monkey,bird -> monkey,1,7,content_7033_style_4791,7033,4791,True,Content outline remains clear; style surface pattern is visible.
bird / monkey,bird -> monkey,1,7,content_3550_style_1220,3550,1220,False,Only background color transferred; no visible object texture.
bird / monkey,bird -> monkey,1,7,content_95_style_4704,95,4704,True,Content outline remains clear; style surface pattern is visible.
bird / monkey,bird -> monkey,1,7,content_2690_style_370,2690,370,False,Only background color transferred; no visible object texture.
bird / monkey,bird -> monkey,1,7,content_2070_style_5848,2070,5848,True,Content outline remains clear; style surface pattern is visible.
bird / monkey,bird -> monkey,1,7,content_7390_style_3153,7390,3153,False,Only background color transferred; no visible object texture.
bird / monkey,bird -> monkey,1,7,content_2178_style_3153,2178,3153,False,Only background color transferred; no visible object texture.
bird / monkey,bird -> monkey,1,7,content_116_style_1440,116,1440,False,Only background color transferred; no visible object texture.
bird / monkey,bird -> monkey,1,7,content_1230_style_1703,1230,1703,False,Only background color transferred; no visible object texture.
bird / monkey,bird -> monkey,1,7,content_261_style_3467,261,3467,True,Content outline remains clear; style surface pattern is visible.
bird / monkey,bird -> monkey,1,7,content_95_style_323,95,323,True,Content outline remains clear; style surface pattern is visible.
bird / monkey,bird -> monkey,1,7,content_825_style_1579,825,1579,False,Only background color transferred; no visible object texture.
bird / monkey,bird -> monkey,1,7,content_2687_style_4704,2687,4704,False,Only background color transferred; no visible object texture.
bird / monkey,bird -> monkey,1,7,content_1852_style_3288,1852,3288,False,Only background color transferred; no visible object texture.
bird / monkey,bird -> monkey,1,7,content_4298_style_6084,4298,6084,False,Only background color transferred; no visible object texture.
bird / monkey,bird -> monkey,1,7,content_6805_style_7270,6805,7270,True,Content outline remains clear; style surface pattern is visible.
bird / monkey,bird -> monkey,1,7,content_825_style_2854,825,2854,False,Only background color transferred; no visible object texture.
bird / monkey,bird -> monkey,1,7,content_2690_style_1220,2690,1220,False,Only background color transferred; no visible object texture.
bird / monkey,bird -> monkey,1,7,content_3079_style_5977,3079,5977,False,Only background color transferred; no visible object texture.
bird / monkey,bird -> monkey,1,7,content_6805_style_2501,6805,2501,False,Only background color transferred; no visible object texture.
bird / monkey,bird -> monkey,1,7,content_5560_style_3467,5560,3467,True,Content outline remains clear; style surface pattern is visible.
bird / monkey,bird -> monkey,1,7,content_6349_style_6726,6349,6726,False,Only background color transferred; no visible object texture.
bird / monkey,bird -> monkey,1,7,content_1852_style_7835,1852,7835,False,Only background color transferred; no visible object texture.
bird / monkey,bird -> monkey,1,7,content_6076_style_6084,6076,6084,False,Only background color transferred; no visible object texture.
bird / monkey,bird -> monkey,1,7,content_1993_style_1220,1993,1220,False,Only background color transferred; no visible object texture.
bird / monkey,bird -> monkey,1,7,content_7033_style_323,7033,323,False,Only background color transferred; no visible object texture.
bird / monkey,bird -> monkey,1,7,content_2116_style_4748,2116,4748,True,Content outline remains clear; style surface pattern is visible.
bird / monkey,bird -> monkey,1,7,content_2070_style_2501,2070,2501,False,Only background color transferred; no visible object texture.
bird / monkey,bird -> monkey,1,7,content_3413_style_3404,3413,3404,True,Content outline remains clear; style surface pattern is visible.
bird / monkey,bird -> monkey,1,7,content_6349_style_3446,6349,3446,False,Only background color transferred; no visible object texture.
bird / monkey,bird -> monkey,1,7,content_6836_style_6650,6836,6650,False,Only background color transferred; no visible object texture.
bird / monkey,bird -> monkey,1,7,content_7955_style_1473,7955,1473,True,Content outline remains clear; style surface pattern is visible.
bird / monkey,bird -> monkey,1,7,content_6169_style_6190,6169,6190,False,Only background color transferred; no visible object texture.
bird / monkey,bird -> monkey,1,7,content_2178_style_7835,2178,7835,False,Only background color transferred; no visible object texture.
bird / monkey,bird -> monkey,1,7,content_6954_style_7270,6954,7270,True,Content outline remains clear; style surface pattern is visible.
bird / monkey,bird -> monkey,1,7,content_7202_style_4704,7202,4704,True,Content outline remains clear; style surface pattern is visible.
bird / monkey,bird -> monkey,1,7,content_3550_style_4748,3550,4748,False,Only background color transferred; no visible object texture.
bird / monkey,bird -> monkey,1,7,content_1852_style_4704,1852,4704,False,Only background color transferred; no visible object texture.
bird / monkey,bird -> monkey,1,7,content_7390_style_1473,7390,1473,True,Content outline remains clear; style surface pattern is visible.
bird / monkey,bird -> monkey,1,7,content_1090_style_3542,1090,3542,False,Only background color transferred; no visible object texture.
bird / monkey,bird -> monkey,1,7,content_5092_style_5719,5092,5719,True,Content outline remains clear; style surface pattern is visible.
bird / monkey,monkey -> bird,7,1,content_1884_style_6076,1884,6076,False,Only background color transferred; no visible object texture.
bird / monkey,monkey -> bird,7,1,content_1579_style_2116,1579,2116,True,Content outline remains clear; style surface pattern is visible.
bird / monkey,monkey -> bird,7,1,content_1711_style_1568,1711,1568,True,Content outline remains clear; style surface pattern is visible.
bird / monkey,monkey -> bird,7,1,content_2668_style_7955,2668,7955,False,Only background color transferred; no visible object texture.
bird / monkey,monkey -> bird,7,1,content_2746_style_2157,2746,2157,False,Only background color transferred; no visible object texture.
bird / monkey,monkey -> bird,7,1,content_269_style_3491,269,3491,False,Only background color transferred; no visible object texture.
bird / monkey,monkey -> bird,7,1,content_4236_style_7390,4236,7390,False,Only background color transferred; no visible object texture.
bird / monkey,monkey -> bird,7,1,content_1956_style_304,1956,304,False,Only background color transferred; no visible object texture.
bird / monkey,monkey -> bird,7,1,content_5848_style_5220,5848,5220,False,Only background color transferred; no visible object texture.
bird / monkey,monkey -> bird,7,1,content_1703_style_1090,1703,1090,False,Only background color transferred; no visible object texture.
bird / monkey,monkey -> bird,7,1,content_7835_style_5256,7835,5256,False,Only background color transferred; no visible object texture.
bird / monkey,monkey -> bird,7,1,content_1032_style_7033,1032,7033,False,Only background color transferred; no visible object texture.
bird / monkey,monkey -> bird,7,1,content_1703_style_6349,1703,6349,True,Content outline remains clear; style surface pattern is visible.
bird / monkey,monkey -> bird,7,1,content_1032_style_1230,1032,1230,False,Only background color transferred; no visible object texture.
bird / monkey,monkey -> bird,7,1,content_7835_style_825,7835,825,False,Only background color transferred; no visible object texture.
bird / monkey,monkey -> bird,7,1,content_1440_style_5560,1440,5560,True,Content outline remains clear; style surface pattern is visible.
bird / monkey,monkey -> bird,7,1,content_269_style_825,269,825,True,Content outline remains clear; style surface pattern is visible.
bird / monkey,monkey -> bird,7,1,content_6726_style_261,6726,261,False,Only background color transferred; no visible object texture.
bird / monkey,monkey -> bird,7,1,content_2501_style_7029,2501,7029,True,Content outline remains clear; style surface pattern is visible.
bird / monkey,monkey -> bird,7,1,content_6772_style_3413,6772,3413,True,Content outline remains clear; style surface pattern is visible.
bird / monkey,monkey -> bird,7,1,content_6772_style_304,6772,304,False,Only background color transferred; no visible object texture.
bird / monkey,monkey -> bird,7,1,content_1703_style_5560,1703,5560,True,Content outline remains clear; style surface pattern is visible.
bird / monkey,monkey -> bird,7,1,content_3446_style_7033,3446,7033,True,Content outline remains clear; style surface pattern is visible.
bird / monkey,monkey -> bird,7,1,content_3153_style_5256,3153,5256,False,Only background color transferred; no visible object texture.
bird / monkey,monkey -> bird,7,1,content_1884_style_6836,1884,6836,False,Only background color transferred; no visible object texture.
bird / monkey,monkey -> bird,7,1,content_323_style_3079,323,3079,False,Only background color transferred; no visible object texture.
bird / monkey,monkey -> bird,7,1,content_7835_style_7955,7835,7955,False,Only background color transferred; no visible object texture.
bird / monkey,monkey -> bird,7,1,content_4661_style_5560,4661,5560,True,Content outline remains clear; style surface pattern is visible.
bird / monkey,monkey -> bird,7,1,content_29_style_1852,29,1852,False,Only background color transferred; no visible object texture.
bird / monkey,monkey -> bird,7,1,content_7270_style_7202,7270,7202,False,Only background color transferred; no visible object texture.
bird / monkey,monkey -> bird,7,1,content_1220_style_1436,1220,1436,False,Only background color transferred; no visible object texture.
bird / monkey,monkey -> bird,7,1,content_3446_style_1986,3446,1986,False,Only background color transferred; no visible object texture.
bird / monkey,monkey -> bird,7,1,content_1032_style_2116,1032,2116,True,Content outline remains clear; style surface pattern is visible.
bird / monkey,monkey -> bird,7,1,content_1711_style_3491,1711,3491,True,Content outline remains clear; style surface pattern is visible.
bird / monkey,monkey -> bird,7,1,content_4791_style_116,4791,116,False,Only background color transferred; no visible object texture.
bird / monkey,monkey -> bird,7,1,content_1927_style_5220,1927,5220,True,Content outline remains clear; style surface pattern is visible.
bird / monkey,monkey -> bird,7,1,content_1956_style_3491,1956,3491,True,Content outline remains clear; style surface pattern is visible.
bird / monkey,monkey -> bird,7,1,content_6190_style_1230,6190,1230,False,Only background color transferred; no visible object texture.
bird / monkey,monkey -> bird,7,1,content_29_style_6938,29,6938,False,Only background color transferred; no visible object texture.
bird / monkey,monkey -> bird,7,1,content_1711_style_2070,1711,2070,False,Only background color transferred; no visible object texture.
bird / monkey,monkey -> bird,7,1,content_7081_style_5092,7081,5092,False,Only background color transferred; no visible object texture.
bird / monkey,monkey -> bird,7,1,content_5436_style_3491,5436,3491,False,Only background color transferred; no visible object texture.
bird / monkey,monkey -> bird,7,1,content_5719_style_5488,5719,5488,True,Content outline remains clear; style surface pattern is visible.
bird / monkey,monkey -> bird,7,1,content_7835_style_7390,7835,7390,False,Only background color transferred; no visible object texture.
bird / monkey,monkey -> bird,7,1,content_5977_style_4640,5977,4640,False,Only background color transferred; no visible object texture.
bird / monkey,monkey -> bird,7,1,content_2501_style_6733,2501,6733,False,Only background color transferred; no visible object texture.
bird / monkey,monkey -> bird,7,1,content_4403_style_261,4403,261,True,Content outline remains clear; style surface pattern is visible.
bird / monkey,monkey -> bird,7,1,content_3867_style_2095,3867,2095,True,Content outline remains clear; style surface pattern is visible.
bird / monkey,monkey -> bird,7,1,content_1579_style_304,1579,304,False,Only background color transferred; no visible object texture.
bird / monkey,monkey -> bird,7,1,content_6726_style_4640,6726,4640,False,Only background color transferred; no visible object texture.
bird / monkey,monkey -> bird,7,1,content_6772_style_5123,6772,5123,False,Only background color transferred; no visible object texture.
bird / monkey,monkey -> bird,7,1,content_1048_style_304,1048,304,False,Only background color transferred; no visible object texture.
bird / monkey,monkey -> bird,7,1,content_1771_style_95,1771,95,False,Only background color transferred; no visible object texture.
bird / monkey,monkey -> bird,7,1,content_4704_style_5560,4704,5560,True,Content outline remains clear; style surface pattern is visible.
bird / monkey,monkey -> bird,7,1,content_4172_style_95,4172,95,True,Content outline remains clear; style surface pattern is visible.
bird / monkey,monkey -> bird,7,1,content_1884_style_6733,1884,6733,False,Only background color transferred; no visible object texture.
bird / monkey,monkey -> bird,7,1,content_7270_style_5560,7270,5560,True,Content outline remains clear; style surface pattern is visible.
car / truck,car -> truck,2,9,content_714_style_4449,714,4449,False,Only background color transferred; no visible object texture.
car / truck,car -> truck,2,9,content_6244_style_276,6244,276,False,Only background color transferred; no visible object texture.
car / truck,car -> truck,2,9,content_7084_style_7544,7084,7544,False,Only background color transferred; no visible object texture.
car / truck,car -> truck,2,9,content_470_style_7266,470,7266,False,Only background color transferred; no visible object texture.
car / truck,car -> truck,2,9,content_714_style_5590,714,5590,False,Only background color transferred; no visible object texture.
car / truck,car -> truck,2,9,content_4065_style_5301,4065,5301,False,Only background color transferred; no visible object texture.
car / truck,car -> truck,2,9,content_6271_style_7047,6271,7047,False,Only background color transferred; no visible object texture.
car / truck,car -> truck,2,9,content_4735_style_5301,4735,5301,True,Content outline remains clear; style surface pattern is visible.
car / truck,car -> truck,2,9,content_4735_style_7047,4735,7047,True,Content outline remains clear; style surface pattern is visible.
car / truck,car -> truck,2,9,content_2502_style_1411,2502,1411,True,Content outline remains clear; style surface pattern is visible.
car / truck,car -> truck,2,9,content_5512_style_131,5512,131,False,Only background color transferred; no visible object texture.
car / truck,car -> truck,2,9,content_6244_style_2655,6244,2655,True,Content outline remains clear; style surface pattern is visible.
car / truck,car -> truck,2,9,content_3163_style_7544,3163,7544,True,Content outline remains clear; style surface pattern is visible.
car / truck,car -> truck,2,9,content_317_style_7047,317,7047,True,Content outline remains clear; style surface pattern is visible.
car / truck,car -> truck,2,9,content_483_style_3942,483,3942,True,Content outline remains clear; style surface pattern is visible.
car / truck,car -> truck,2,9,content_3454_style_5301,3454,5301,False,Only background color transferred; no visible object texture.
car / truck,car -> truck,2,9,content_5333_style_7752,5333,7752,True,Content outline remains clear; style surface pattern is visible.
car / truck,car -> truck,2,9,content_5395_style_303,5395,303,True,Content outline remains clear; style surface pattern is visible.
car / truck,car -> truck,2,9,content_49_style_5851,49,5851,False,Only background color transferred; no visible object texture.
car / truck,car -> truck,2,9,content_3454_style_191,3454,191,False,Only background color transferred; no visible object texture.
car / truck,car -> truck,2,9,content_483_style_7380,483,7380,False,Only background color transferred; no visible object texture.
car / truck,car -> truck,2,9,content_6244_style_5301,6244,5301,False,Only background color transferred; no visible object texture.
car / truck,car -> truck,2,9,content_3067_style_2414,3067,2414,False,Only background color transferred; no visible object texture.
car / truck,car -> truck,2,9,content_714_style_7047,714,7047,True,Content outline remains clear; style surface pattern is visible.
car / truck,car -> truck,2,9,content_5333_style_2655,5333,2655,False,Only background color transferred; no visible object texture.
car / truck,car -> truck,2,9,content_3067_style_7380,3067,7380,False,Only background color transferred; no visible object texture.
car / truck,car -> truck,2,9,content_1839_style_2655,1839,2655,False,Only background color transferred; no visible object texture.
car / truck,car -> truck,2,9,content_5318_style_7938,5318,7938,False,Only background color transferred; no visible object texture.
car / truck,car -> truck,2,9,content_1839_style_7266,1839,7266,False,Only background color transferred; no visible object texture.
car / truck,car -> truck,2,9,content_981_style_603,981,603,False,Only background color transferred; no visible object texture.
car / truck,car -> truck,2,9,content_1403_style_1654,1403,1654,True,Content outline remains clear; style surface pattern is visible.
car / truck,car -> truck,2,9,content_470_style_3942,470,3942,False,Only background color transferred; no visible object texture.
car / truck,car -> truck,2,9,content_35_style_7752,35,7752,True,Content outline remains clear; style surface pattern is visible.
car / truck,car -> truck,2,9,content_5512_style_5915,5512,5915,False,Only background color transferred; no visible object texture.
car / truck,car -> truck,2,9,content_7425_style_131,7425,131,False,Only background color transferred; no visible object texture.
car / truck,car -> truck,2,9,content_5824_style_1654,5824,1654,False,Only background color transferred; no visible object texture.
car / truck,car -> truck,2,9,content_6426_style_2351,6426,2351,False,Only background color transferred; no visible object texture.
car / truck,car -> truck,2,9,content_6426_style_2062,6426,2062,False,Only background color transferred; no visible object texture.
car / truck,car -> truck,2,9,content_483_style_7047,483,7047,True,Content outline remains clear; style surface pattern is visible.
car / truck,car -> truck,2,9,content_6503_style_3318,6503,3318,False,Only background color transferred; no visible object texture.
car / truck,car -> truck,2,9,content_483_style_5284,483,5284,False,Only background color transferred; no visible object texture.
car / truck,car -> truck,2,9,content_3024_style_2011,3024,2011,True,Content outline remains clear; style surface pattern is visible.
car / truck,car -> truck,2,9,content_5677_style_1654,5677,1654,False,Only background color transferred; no visible object texture.
car / truck,car -> truck,2,9,content_7084_style_131,7084,131,False,Only background color transferred; no visible object texture.
car / truck,car -> truck,2,9,content_4065_style_7752,4065,7752,True,Content outline remains clear; style surface pattern is visible.
car / truck,car -> truck,2,9,content_6503_style_419,6503,419,True,Content outline remains clear; style surface pattern is visible.
car / truck,car -> truck,2,9,content_5237_style_5284,5237,5284,True,Content outline remains clear; style surface pattern is visible.
car / truck,car -> truck,2,9,content_6264_style_5590,6264,5590,False,Only background color transferred; no visible object texture.
car / truck,car -> truck,2,9,content_3362_style_805,3362,805,False,Only background color transferred; no visible object texture.
car / truck,car -> truck,2,9,content_6354_style_4094,6354,4094,False,Only background color transferred; no visible object texture.
car / truck,car -> truck,2,9,content_6332_style_3942,6332,3942,False,Only background color transferred; no visible object texture.
car / truck,car -> truck,2,9,content_6028_style_5788,6028,5788,True,Content outline remains clear; style surface pattern is visible.
car / truck,car -> truck,2,9,content_5218_style_4094,5218,4094,False,Only background color transferred; no visible object texture.
car / truck,car -> truck,2,9,content_5333_style_131,5333,131,False,Only background color transferred; no visible object texture.
car / truck,car -> truck,2,9,content_6354_style_7380,6354,7380,True,Content outline remains clear; style surface pattern is visible.
car / truck,car -> truck,2,9,content_4913_style_852,4913,852,False,Only background color transferred; no visible object texture.
car / truck,car -> truck,2,9,content_2082_style_2351,2082,2351,True,Content outline remains clear; style surface pattern is visible.
car / truck,truck -> car,9,2,content_805_style_317,805,317,True,Content outline remains clear; style surface pattern is visible.
car / truck,truck -> car,9,2,content_1654_style_5512,1654,5512,False,Only background color transferred; no visible object texture.
car / truck,truck -> car,9,2,content_4449_style_1839,4449,1839,False,Only background color transferred; no visible object texture.
car / truck,truck -> car,9,2,content_131_style_5756,131,5756,True,Content outline remains clear; style surface pattern is visible.
car / truck,truck -> car,9,2,content_5981_style_6264,5981,6264,True,Content outline remains clear; style surface pattern is visible.
car / truck,truck -> car,9,2,content_5572_style_1202,5572,1202,False,Only background color transferred; no visible object texture.
car / truck,truck -> car,9,2,content_5508_style_3024,5508,3024,False,Only background color transferred; no visible object texture.
car / truck,truck -> car,9,2,content_5590_style_6332,5590,6332,False,Only background color transferred; no visible object texture.
car / truck,truck -> car,9,2,content_805_style_5237,805,5237,False,Only background color transferred; no visible object texture.
car / truck,truck -> car,9,2,content_7752_style_981,7752,981,True,Content outline remains clear; style surface pattern is visible.
car / truck,truck -> car,9,2,content_2655_style_3024,2655,3024,False,Only background color transferred; no visible object texture.
car / truck,truck -> car,9,2,content_5284_style_1586,5284,1586,False,Only background color transferred; no visible object texture.
car / truck,truck -> car,9,2,content_2114_style_49,2114,49,False,Only background color transferred; no visible object texture.
car / truck,truck -> car,9,2,content_239_style_3024,239,3024,False,Only background color transferred; no visible object texture.
car / truck,truck -> car,9,2,content_5572_style_6244,5572,6244,False,Only background color transferred; no visible object texture.
car / truck,truck -> car,9,2,content_1515_style_5512,1515,5512,False,Only background color transferred; no visible object texture.
car / truck,truck -> car,9,2,content_4094_style_1586,4094,1586,False,Only background color transferred; no visible object texture.
car / truck,truck -> car,9,2,content_1836_style_714,1836,714,False,Only background color transferred; no visible object texture.
car / truck,truck -> car,9,2,content_5508_style_6426,5508,6426,False,Only background color transferred; no visible object texture.
car / truck,truck -> car,9,2,content_5915_style_409,5915,409,False,Only background color transferred; no visible object texture.
car / truck,truck -> car,9,2,content_1836_style_5318,1836,5318,False,Only background color transferred; no visible object texture.
car / truck,truck -> car,9,2,content_5572_style_1839,5572,1839,False,Only background color transferred; no visible object texture.
car / truck,truck -> car,9,2,content_603_style_3755,603,3755,False,Only background color transferred; no visible object texture.
car / truck,truck -> car,9,2,content_2655_style_6616,2655,6616,False,Only background color transferred; no visible object texture.
car / truck,truck -> car,9,2,content_5284_style_6264,5284,6264,False,Only background color transferred; no visible object texture.
car / truck,truck -> car,9,2,content_5301_style_5318,5301,5318,True,Content outline remains clear; style surface pattern is visible.
car / truck,truck -> car,9,2,content_191_style_4065,191,4065,True,Content outline remains clear; style surface pattern is visible.
car / truck,truck -> car,9,2,content_603_style_7425,603,7425,False,Only background color transferred; no visible object texture.
car / truck,truck -> car,9,2,content_5915_style_6692,5915,6692,False,Only background color transferred; no visible object texture.
car / truck,truck -> car,9,2,content_1022_style_4913,1022,4913,True,Content outline remains clear; style surface pattern is visible.
car / truck,truck -> car,9,2,content_6931_style_5395,6931,5395,False,Only background color transferred; no visible object texture.
car / truck,truck -> car,9,2,content_3996_style_49,3996,49,False,Only background color transferred; no visible object texture.
car / truck,truck -> car,9,2,content_1468_style_981,1468,981,True,Content outline remains clear; style surface pattern is visible.
car / truck,truck -> car,9,2,content_805_style_6426,805,6426,False,Only background color transferred; no visible object texture.
car / truck,truck -> car,9,2,content_7380_style_35,7380,35,True,Content outline remains clear; style surface pattern is visible.
car / truck,truck -> car,9,2,content_7266_style_2502,7266,2502,False,Only background color transferred; no visible object texture.
car / truck,truck -> car,9,2,content_2655_style_5218,2655,5218,False,Only background color transferred; no visible object texture.
car / truck,truck -> car,9,2,content_1411_style_49,1411,49,False,Only background color transferred; no visible object texture.
car / truck,truck -> car,9,2,content_2167_style_3024,2167,3024,False,Only background color transferred; no visible object texture.
car / truck,truck -> car,9,2,content_7995_style_7425,7995,7425,True,Content outline remains clear; style surface pattern is visible.
car / truck,truck -> car,9,2,content_191_style_4913,191,4913,True,Content outline remains clear; style surface pattern is visible.
car / truck,truck -> car,9,2,content_1411_style_3024,1411,3024,False,Only background color transferred; no visible object texture.
car / truck,truck -> car,9,2,content_7047_style_5395,7047,5395,True,Content outline remains clear; style surface pattern is visible.
car / truck,truck -> car,9,2,content_2114_style_7084,2114,7084,False,Only background color transferred; no visible object texture.
car / truck,truck -> car,9,2,content_603_style_6332,603,6332,False,Only background color transferred; no visible object texture.
car / truck,truck -> car,9,2,content_5590_style_6244,5590,6244,False,Only background color transferred; no visible object texture.
car / truck,truck -> car,9,2,content_1022_style_5237,1022,5237,True,Content outline remains clear; style surface pattern is visible.
car / truck,truck -> car,9,2,content_2062_style_5318,2062,5318,False,Only background color transferred; no visible object texture.
car / truck,truck -> car,9,2,content_4449_style_4735,4449,4735,False,Only background color transferred; no visible object texture.
car / truck,truck -> car,9,2,content_2062_style_2502,2062,2502,False,Only background color transferred; no visible object texture.
car / truck,truck -> car,9,2,content_7995_style_5333,7995,5333,False,Only background color transferred; no visible object texture.
car / truck,truck -> car,9,2,content_5452_style_1520,5452,1520,True,Content outline remains clear; style surface pattern is visible.
car / truck,truck -> car,9,2,content_191_style_6692,191,6692,True,Content outline remains clear; style surface pattern is visible.
car / truck,truck -> car,9,2,content_2414_style_4065,2414,4065,True,Content outline remains clear; style surface pattern is visible.
car / truck,truck -> car,9,2,content_1411_style_2502,1411,2502,False,Only background color transferred; no visible object texture.
car / truck,truck -> car,9,2,content_5572_style_3755,5572,3755,True,Content outline remains clear; style surface pattern is visible.
car / truck,truck -> car,9,2,content_4094_style_35,4094,35,False,Only background color transferred; no visible object texture.
car / truck,truck -> car,9,2,content_5981_style_6503,5981,6503,False,Only background color transferred; no visible object texture.
car / truck,truck -> car,9,2,content_2114_style_5824,2114,5824,True,Content outline remains clear; style surface pattern is visible.
car / truck,truck -> car,9,2,content_276_style_5677,276,5677,True,Content outline remains clear; style surface pattern is visible.
car / truck,truck -> car,9,2,content_2414_style_3362,2414,3362,True,Content outline remains clear; style surface pattern is visible.
airplane / ship,airplane -> ship,0,8,content_4617_style_3157,4617,3157,False,Only background color transferred; no visible object texture.
airplane / ship,airplane -> ship,0,8,content_1977_style_7446,1977,7446,True,Content outline remains clear; style surface pattern is visible.
airplane / ship,airplane -> ship,0,8,content_4617_style_4069,4617,4069,True,Content outline remains clear; style surface pattern is visible.
airplane / ship,airplane -> ship,0,8,content_562_style_4069,562,4069,False,Only background color transferred; no visible object texture.
airplane / ship,airplane -> ship,0,8,content_3347_style_4242,3347,4242,False,Only background color transferred; no visible object texture.
airplane / ship,airplane -> ship,0,8,content_7320_style_2191,7320,2191,False,Only background color transferred; no visible object texture.
airplane / ship,airplane -> ship,0,8,content_4130_style_962,4130,962,False,Only background color transferred; no visible object texture.
airplane / ship,airplane -> ship,0,8,content_4539_style_4177,4539,4177,False,Only background color transferred; no visible object texture.
airplane / ship,airplane -> ship,0,8,content_3965_style_7446,3965,7446,True,Content outline remains clear; style surface pattern is visible.
airplane / ship,airplane -> ship,0,8,content_3_style_5525,3,5525,True,Content outline remains clear; style surface pattern is visible.
airplane / ship,airplane -> ship,0,8,content_6609_style_1640,6609,1640,False,Only background color transferred; no visible object texture.
airplane / ship,airplane -> ship,0,8,content_4819_style_1833,4819,1833,False,Only background color transferred; no visible object texture.
airplane / ship,airplane -> ship,0,8,content_4539_style_7446,4539,7446,False,Only background color transferred; no visible object texture.
airplane / ship,airplane -> ship,0,8,content_7372_style_4990,7372,4990,False,Only background color transferred; no visible object texture.
airplane / ship,airplane -> ship,0,8,content_42_style_7818,42,7818,True,Content outline remains clear; style surface pattern is visible.
airplane / ship,airplane -> ship,0,8,content_1648_style_7460,1648,7460,True,Content outline remains clear; style surface pattern is visible.
airplane / ship,airplane -> ship,0,8,content_6844_style_7460,6844,7460,True,Content outline remains clear; style surface pattern is visible.
airplane / ship,airplane -> ship,0,8,content_562_style_7460,562,7460,False,Only background color transferred; no visible object texture.
airplane / ship,airplane -> ship,0,8,content_4617_style_4552,4617,4552,False,Only background color transferred; no visible object texture.
airplane / ship,airplane -> ship,0,8,content_5999_style_2230,5999,2230,False,Only background color transferred; no visible object texture.
airplane / ship,airplane -> ship,0,8,content_3025_style_4676,3025,4676,False,Only background color transferred; no visible object texture.
airplane / ship,airplane -> ship,0,8,content_5478_style_667,5478,667,False,Only background color transferred; no visible object texture.
airplane / ship,airplane -> ship,0,8,content_5117_style_7999,5117,7999,False,Only background color transferred; no visible object texture.
airplane / ship,airplane -> ship,0,8,content_1553_style_4069,1553,4069,True,Content outline remains clear; style surface pattern is visible.
airplane / ship,airplane -> ship,0,8,content_6986_style_7810,6986,7810,True,Content outline remains clear; style surface pattern is visible.
airplane / ship,airplane -> ship,0,8,content_6609_style_4311,6609,4311,True,Content outline remains clear; style surface pattern is visible.
airplane / ship,airplane -> ship,0,8,content_4893_style_2230,4893,2230,False,Only background color transferred; no visible object texture.
airplane / ship,airplane -> ship,0,8,content_4893_style_1833,4893,1833,True,Content outline remains clear; style surface pattern is visible.
airplane / ship,airplane -> ship,0,8,content_7465_style_2230,7465,2230,False,Only background color transferred; no visible object texture.
airplane / ship,airplane -> ship,0,8,content_3965_style_4990,3965,4990,False,Only background color transferred; no visible object texture.
airplane / ship,airplane -> ship,0,8,content_7009_style_667,7009,667,True,Content outline remains clear; style surface pattern is visible.
airplane / ship,airplane -> ship,0,8,content_4819_style_4676,4819,4676,True,Content outline remains clear; style surface pattern is visible.
airplane / ship,airplane -> ship,0,8,content_1596_style_2340,1596,2340,True,Content outline remains clear; style surface pattern is visible.
airplane / ship,airplane -> ship,0,8,content_3_style_4311,3,4311,False,Only background color transferred; no visible object texture.
airplane / ship,airplane -> ship,0,8,content_4399_style_3905,4399,3905,False,Only background color transferred; no visible object texture.
airplane / ship,airplane -> ship,0,8,content_3025_style_1129,3025,1129,False,Only background color transferred; no visible object texture.
airplane / ship,airplane -> ship,0,8,content_4615_style_2191,4615,2191,True,Content outline remains clear; style surface pattern is visible.
airplane / ship,airplane -> ship,0,8,content_4617_style_5000,4617,5000,False,Only background color transferred; no visible object texture.
airplane / ship,airplane -> ship,0,8,content_5117_style_1954,5117,1954,False,Only background color transferred; no visible object texture.
airplane / ship,airplane -> ship,0,8,content_5918_style_7476,5918,7476,True,Content outline remains clear; style surface pattern is visible.
airplane / ship,airplane -> ship,0,8,content_1389_style_2342,1389,2342,False,Only background color transferred; no visible object texture.
airplane / ship,airplane -> ship,0,8,content_7634_style_1247,7634,1247,True,Content outline remains clear; style surface pattern is visible.
airplane / ship,airplane -> ship,0,8,content_4785_style_3948,4785,3948,False,Only background color transferred; no visible object texture.
airplane / ship,airplane -> ship,0,8,content_3347_style_151,3347,151,False,Only background color transferred; no visible object texture.
airplane / ship,airplane -> ship,0,8,content_7634_style_3948,7634,3948,True,Content outline remains clear; style surface pattern is visible.
airplane / ship,airplane -> ship,0,8,content_3083_style_2745,3083,2745,True,Content outline remains clear; style surface pattern is visible.
airplane / ship,airplane -> ship,0,8,content_7465_style_3157,7465,3157,False,Only background color transferred; no visible object texture.
airplane / ship,airplane -> ship,0,8,content_4785_style_7460,4785,7460,False,Only background color transferred; no visible object texture.
airplane / ship,airplane -> ship,0,8,content_2750_style_2230,2750,2230,True,Content outline remains clear; style surface pattern is visible.
airplane / ship,ship -> airplane,8,0,content_962_style_1977,962,1977,True,Content outline remains clear; style surface pattern is visible.
airplane / ship,ship -> airplane,8,0,content_667_style_1977,667,1977,True,Content outline remains clear; style surface pattern is visible.
airplane / ship,ship -> airplane,8,0,content_716_style_6986,716,6986,False,Only background color transferred; no visible object texture.
airplane / ship,ship -> airplane,8,0,content_962_style_5999,962,5999,False,Only background color transferred; no visible object texture.
airplane / ship,ship -> airplane,8,0,content_2109_style_1389,2109,1389,False,Only background color transferred; no visible object texture.
airplane / ship,ship -> airplane,8,0,content_6434_style_7262,6434,7262,True,Content outline remains clear; style surface pattern is visible.
airplane / ship,ship -> airplane,8,0,content_1833_style_5478,1833,5478,False,Only background color transferred; no visible object texture.
airplane / ship,ship -> airplane,8,0,content_706_style_6986,706,6986,True,Content outline remains clear; style surface pattern is visible.
airplane / ship,ship -> airplane,8,0,content_7810_style_1389,7810,1389,False,Only background color transferred; no visible object texture.
airplane / ship,ship -> airplane,8,0,content_194_style_6986,194,6986,False,Only background color transferred; no visible object texture.
airplane / ship,ship -> airplane,8,0,content_2191_style_4539,2191,4539,True,Content outline remains clear; style surface pattern is visible.
airplane / ship,ship -> airplane,8,0,content_4069_style_7373,4069,7373,False,Only background color transferred; no visible object texture.
airplane / ship,ship -> airplane,8,0,content_1129_style_2242,1129,2242,False,Only background color transferred; no visible object texture.
airplane / ship,ship -> airplane,8,0,content_4990_style_4617,4990,4617,True,Content outline remains clear; style surface pattern is visible.
airplane / ship,ship -> airplane,8,0,content_4177_style_4399,4177,4399,True,Content outline remains clear; style surface pattern is visible.
airplane / ship,ship -> airplane,8,0,content_4676_style_6437,4676,6437,False,Only background color transferred; no visible object texture.
airplane / ship,ship -> airplane,8,0,content_4069_style_7465,4069,7465,False,Only background color transferred; no visible object texture.
airplane / ship,ship -> airplane,8,0,content_5694_style_3876,5694,3876,True,Content outline remains clear; style surface pattern is visible.
airplane / ship,ship -> airplane,8,0,content_7875_style_2024,7875,2024,False,Only background color transferred; no visible object texture.
airplane / ship,ship -> airplane,8,0,content_6434_style_4819,6434,4819,True,Content outline remains clear; style surface pattern is visible.
airplane / ship,ship -> airplane,8,0,content_706_style_6455,706,6455,False,Only background color transferred; no visible object texture.
airplane / ship,ship -> airplane,8,0,content_716_style_3,716,3,True,Content outline remains clear; style surface pattern is visible.
airplane / ship,ship -> airplane,8,0,content_4177_style_7320,4177,7320,True,Content outline remains clear; style surface pattern is visible.
airplane / ship,ship -> airplane,8,0,content_4170_style_4675,4170,4675,False,Only background color transferred; no visible object texture.
airplane / ship,ship -> airplane,8,0,content_2340_style_7320,2340,7320,False,Only background color transferred; no visible object texture.
airplane / ship,ship -> airplane,8,0,content_3015_style_1977,3015,1977,False,Only background color transferred; no visible object texture.
airplane / ship,ship -> airplane,8,0,content_716_style_4893,716,4893,True,Content outline remains clear; style surface pattern is visible.
airplane / ship,ship -> airplane,8,0,content_6689_style_4893,6689,4893,True,Content outline remains clear; style surface pattern is visible.
airplane / ship,ship -> airplane,8,0,content_6434_style_5478,6434,5478,False,Only background color transferred; no visible object texture.
airplane / ship,ship -> airplane,8,0,content_7460_style_1175,7460,1175,False,Only background color transferred; no visible object texture.
airplane / ship,ship -> airplane,8,0,content_6434_style_1553,6434,1553,False,Only background color transferred; no visible object texture.
airplane / ship,ship -> airplane,8,0,content_7476_style_4893,7476,4893,False,Only background color transferred; no visible object texture.
airplane / ship,ship -> airplane,8,0,content_962_style_4617,962,4617,False,Only background color transferred; no visible object texture.
airplane / ship,ship -> airplane,8,0,content_4311_style_2024,4311,2024,False,Only background color transferred; no visible object texture.
airplane / ship,ship -> airplane,8,0,content_6434_style_6455,6434,6455,False,Only background color transferred; no visible object texture.
airplane / ship,ship -> airplane,8,0,content_4676_style_5918,4676,5918,False,Only background color transferred; no visible object texture.
airplane / ship,ship -> airplane,8,0,content_151_style_4617,151,4617,True,Content outline remains clear; style surface pattern is visible.
airplane / ship,ship -> airplane,8,0,content_4990_style_3437,4990,3437,False,Only background color transferred; no visible object texture.
airplane / ship,ship -> airplane,8,0,content_2230_style_3437,2230,3437,False,Only background color transferred; no visible object texture.
airplane / ship,ship -> airplane,8,0,content_4990_style_1389,4990,1389,False,Only background color transferred; no visible object texture.
airplane / ship,ship -> airplane,8,0,content_2745_style_5999,2745,5999,False,Only background color transferred; no visible object texture.
airplane / ship,ship -> airplane,8,0,content_5451_style_7309,5451,7309,False,Only background color transferred; no visible object texture.
airplane / ship,ship -> airplane,8,0,content_2191_style_5117,2191,5117,False,Only background color transferred; no visible object texture.
airplane / ship,ship -> airplane,8,0,content_2340_style_2888,2340,2888,True,Content outline remains clear; style surface pattern is visible.
airplane / ship,ship -> airplane,8,0,content_3948_style_4675,3948,4675,True,Content outline remains clear; style surface pattern is visible.
airplane / ship,ship -> airplane,8,0,content_4069_style_7150,4069,7150,False,Only background color transferred; no visible object texture.
airplane / ship,ship -> airplane,8,0,content_5451_style_2750,5451,2750,False,Only background color transferred; no visible object texture.
airplane / ship,ship -> airplane,8,0,content_3015_style_4130,3015,4130,False,Only background color transferred; no visible object texture.
airplane / ship,ship -> airplane,8,0,content_2109_style_6609,2109,6609,True,Content outline remains clear; style surface pattern is visible.
airplane / ship,ship -> airplane,8,0,content_1247_style_562,1247,562,False,Only background color transferred; no visible object texture.
airplane / ship,ship -> airplane,8,0,content_4990_style_3876,4990,3876,False,Only background color transferred; no visible object texture.
airplane / ship,ship -> airplane,8,0,content_6434_style_81,6434,81,False,Only background color transferred; no visible object texture.
airplane / ship,ship -> airplane,8,0,content_667_style_5912,667,5912,True,Content outline remains clear; style surface pattern is visible.
airplane / ship,ship -> airplane,8,0,content_4552_style_7262,4552,7262,True,Content outline remains clear; style surface pattern is visible.
airplane / ship,ship -> airplane,8,0,content_2342_style_2024,2342,2024,False,Only background color transferred; no visible object texture.
airplane / ship,ship -> airplane,8,0,content_962_style_7320,962,7320,False,Only background color transferred; no visible object texture.
airplane / ship,ship -> airplane,8,0,content_7460_style_484,7460,484,False,Only background color transferred; no visible object texture.
airplane / ship,ship -> airplane,8,0,content_3905_style_4615,3905,4615,False,Only background color transferred; no visible object texture.
airplane / ship,ship -> airplane,8,0,content_1954_style_7465,1954,7465,True,Content outline remains clear; style surface pattern is visible.
