x,y,condition,label,official_test_index
-27.137142,-26.20211,clean,3,632
45.0652,-11.577786,clean,9,131
-52.545906,1.0974464,clean,7,7081
55.67238,-17.175213,clean,9,1836
20.980984,47.233074,clean,0,6437
36.069756,40.707912,clean,0,6609
-45.042843,11.872072,clean,7,3467
-23.406654,-26.552603,clean,3,1401
15.870914,-33.809597,clean,2,1839
-18.267466,-30.359053,clean,3,4168
23.527039,-40.127556,clean,2,35
56.91908,11.535421,clean,8,4177
-45.970314,5.8432064,clean,7,7270
-15.332875,1.2957082,clean,5,2265
-40.92555,20.490538,clean,7,3288
56.042873,8.906155,clean,8,5451
-24.762018,-13.050426,clean,3,4023
-53.05127,-27.778526,clean,1,261
-11.791084,0.36027908,clean,5,4570
-9.588989,-14.457576,clean,5,4966
-59.63871,-16.166039,clean,1,7955
-17.134542,32.323315,clean,4,6288
51.3021,18.818087,clean,8,7810
-54.000164,14.685522,clean,7,1927
-25.692165,-2.4919224,clean,1,1871
-1.8836743,-7.483362,clean,5,6922
-22.315168,28.751041,clean,4,3512
1.2830375,14.725962,clean,6,4754
21.77603,-25.580236,clean,2,714
49.533726,14.220279,clean,8,2191
25.5348,44.14808,clean,0,4615
53.869698,19.127558,clean,8,4662
34.93445,-13.391245,clean,9,5915
-6.3262196,10.664858,clean,4,766
16.34577,-52.77674,clean,2,5218
60.685413,9.241834,clean,8,2340
41.652622,14.046575,clean,8,1954
50.522366,19.535748,clean,8,7875
6.84658,16.523014,clean,6,3418
36.910866,-5.1475954,clean,9,5572
-53.72544,2.3017788,clean,7,5977
-53.050587,-26.425863,clean,1,5123
55.862164,-18.551018,clean,9,5851
54.52331,-13.735933,clean,9,4094
-2.0983038,13.85758,clean,6,4254
-54.30966,14.252831,clean,7,2501
-60.201813,-14.901308,clean,1,6938
-22.83138,26.44985,clean,4,171
-40.035465,-10.632624,clean,3,4215
55.01714,18.188614,clean,8,5705
-15.868987,30.037752,clean,4,3458
-42.299973,20.777567,clean,7,1220
58.269894,10.839845,clean,8,962
-10.663915,-21.34984,clean,5,2950
-3.3291957,-12.28494,clean,5,2623
30.758083,42.134056,clean,0,4539
16.501041,43.282375,clean,0,1553
-20.258045,22.68453,clean,4,4740
26.98431,45.14736,clean,0,6844
-40.86311,21.289934,clean,7,2668
-41.30998,21.808746,clean,7,3153
-12.797061,22.621025,clean,4,5135
-26.631699,-18.249502,clean,3,2291
-48.464645,-22.366264,clean,1,116
-31.651955,-27.632471,clean,3,7797
-28.531387,-20.752659,clean,3,4609
31.640406,35.332226,clean,0,81
-0.48602647,13.06033,clean,6,5580
26.018456,-38.773205,clean,2,3024
-2.210009,-26.935244,clean,5,2766
46.270924,12.853625,clean,8,5000
4.673997,3.508452,clean,6,2610
29.856798,15.978238,clean,0,2024
-22.752068,21.69031,clean,4,6097
9.653236,3.1655843,clean,6,964
22.475718,44.252167,clean,0,7634
52.752583,18.14656,clean,8,6434
16.828102,-52.66896,clean,2,5183
39.465816,11.984504,clean,0,6986
-2.648891,-8.912378,clean,5,645
31.606083,41.63757,clean,0,3347
22.36875,-37.455338,clean,2,5677
54.458454,9.093366,clean,8,3412
-58.096436,-19.593748,clean,1,3937
-3.000392,23.289026,clean,6,873
32.89747,-5.6541452,clean,9,2167
-35.133736,-22.833124,clean,3,6490
-11.293655,-15.206254,clean,3,738
23.178328,-34.840202,clean,2,6616
9.424371,2.4270742,clean,6,4093
37.828915,-16.569742,clean,9,5788
61.01057,5.658511,clean,8,7818
-43.53455,-15.123546,clean,1,304
23.84035,-31.348806,clean,2,2082
-49.963486,9.658306,clean,7,2746
-17.85045,7.337452,clean,4,7944
55.81057,5.1204214,clean,8,6689
37.629665,1.5834304,clean,9,2414
-0.35512978,21.849138,clean,6,3779
-47.03043,-12.639548,clean,1,2095
30.671152,43.523075,clean,0,7262
53.066113,26.253298,clean,8,5694
-2.0267866,-28.018114,clean,5,7413
-52.372154,-27.964096,clean,1,6805
-41.027927,-1.4775101,clean,7,3446
-38.85586,-3.9214995,clean,5,2807
-21.762182,28.901539,clean,4,7940
-40.634056,22.081526,clean,7,4172
-6.723531,-26.591543,clean,3,7744
16.107971,-34.41666,clean,2,1586
55.02254,8.731631,clean,8,7999
-52.757797,-12.708864,clean,1,6349
-48.85659,-26.752766,clean,1,6594
51.28281,25.032845,clean,8,2109
-63.57185,-22.609858,clean,1,3079
-42.370525,-9.74041,clean,1,2070
-13.990169,-6.297128,clean,5,319
15.212385,43.56175,clean,0,2888
-12.0448675,0.99508274,clean,5,6224
-23.200111,-0.39052388,clean,5,3353
23.237871,-37.02923,clean,2,6244
-49.33645,8.3755865,clean,7,4704
-12.247796,0.32012966,clean,5,2427
46.398277,-14.270106,clean,9,7995
-20.828794,32.290245,clean,4,1124
-22.720192,-4.7710443,clean,1,6733
50.305325,-14.507594,clean,9,2062
36.775326,-11.548832,clean,9,805
-24.412104,-18.684126,clean,3,2028
26.786797,-37.272137,clean,2,2392
11.413035,7.628946,clean,6,3292
-52.906948,17.719765,clean,7,1440
-52.832092,-17.237963,clean,1,1115
61.9891,8.180477,clean,8,4242
58.423042,4.3990602,clean,8,2230
21.469925,-35.89533,clean,2,3163
16.752111,4.7389026,clean,6,545
2.238758,-13.021622,clean,5,3863
-52.573902,4.4302063,clean,7,4748
-15.760612,25.609383,clean,4,2399
6.4272113,15.248585,clean,6,4341
-17.366339,35.491623,clean,4,3078
-20.886074,25.527124,clean,4,3763
5.8095107,14.987592,clean,6,2958
14.459635,8.552405,clean,6,6381
47.577587,23.224653,clean,8,1640
49.648197,19.424892,clean,8,1783
-30.573029,-26.958063,clean,3,3914
13.965583,12.983464,clean,6,1534
-0.73304844,-13.715104,clean,5,685
31.918509,43.070946,clean,0,4617
50.610218,-13.712889,clean,9,5508
44.812096,-8.588393,clean,9,1022
-53.47878,-24.13947,clean,1,1230
-18.203512,23.190718,clean,4,7475
19.57957,-40.953304,clean,2,5756
-18.944914,32.933403,clean,4,3122
-65.033676,-24.883806,clean,1,7202
38.474472,-4.800726,clean,9,4723
-15.70199,1.7369767,clean,5,1552
48.982643,-8.213604,clean,9,603
-21.576809,-27.224522,clean,3,2861
20.808765,-39.59598,clean,2,6426
-23.602585,22.029938,clean,4,7864
2.317727,14.276451,clean,6,5729
-17.356022,-1.3697177,clean,5,7474
-60.340313,-14.362666,clean,1,4298
25.574057,45.41973,clean,0,1175
18.33065,-35.419384,clean,2,3454
-30.314058,-27.65842,clean,3,2754
-8.04266,24.80245,clean,4,855
-42.81403,22.139736,clean,7,2854
-62.89601,-22.544855,clean,1,5092
53.068027,-10.858175,clean,9,5590
-20.960688,-29.027115,clean,3,4463
23.822363,-29.956219,clean,2,5318
-6.4811864,24.333359,clean,6,3515
-21.187206,30.825752,clean,4,4642
51.887566,-19.083195,clean,9,852
62.43237,5.5813236,clean,8,1247
16.696589,-39.339622,clean,2,7084
46.876705,-9.845015,clean,9,5301
8.088441,15.077044,clean,6,5082
-21.707533,22.902569,clean,4,5077
-33.978767,-4.3846493,clean,3,1563
-49.079987,14.19234,clean,7,29
-54.172672,12.573169,clean,7,3867
9.878728,11.170632,clean,6,4620
23.301971,-22.66091,clean,2,4065
0.88406694,-13.369496,clean,5,1095
-25.5339,-25.878853,clean,3,4229
-26.028524,-12.814006,clean,3,3562
51.41681,16.657383,clean,8,2342
13.6825485,14.245614,clean,6,1667
-52.398354,-12.732056,clean,1,7033
-34.412857,11.129644,clean,7,1771
57.91364,9.6031475,clean,8,3157
-8.96264,-25.196583,clean,3,3851
-40.364372,21.23058,clean,7,1287
20.537712,38.52348,clean,0,7320
7.3012137,15.121892,clean,6,7600
-6.3179097,-17.507938,clean,5,3852
-46.989216,12.718973,clean,7,269
-40.16707,19.012545,clean,7,1703
-8.716127,-6.2796717,clean,5,7776
-21.709719,32.911312,clean,4,3891
16.69907,40.366566,clean,0,7009
22.998327,45.444637,clean,0,4893
55.031727,-18.352947,clean,9,2351
-46.015396,-27.766722,clean,1,3550
-53.602028,2.6250072,clean,7,5719
-53.237816,1.4762505,clean,7,1884
-21.187187,24.6995,clean,4,2898
-55.03532,-9.395349,clean,1,4640
-17.13685,32.557144,clean,4,7610
62.393265,8.056859,clean,8,1833
30.671661,17.56003,clean,0,6455
39.608864,-18.350018,clean,9,3893
7.239032,13.587995,clean,6,4731
-1.6633931,15.27793,clean,6,929
-0.5774964,17.17099,clean,6,3962
-10.99718,-27.715223,clean,3,3778
-27.773825,16.8091,clean,4,1429
24.27274,-40.993168,clean,2,49
44.755554,-10.152916,clean,9,276
-61.329544,-15.060819,clean,1,6076
18.877506,40.817917,clean,0,1389
15.683018,-53.151283,clean,2,3362
21.493778,-33.236534,clean,2,317
24.03009,47.40358,clean,0,4675
-11.257725,1.3499038,clean,5,5924
-43.33493,-11.946765,clean,1,198
9.07322,8.974865,clean,6,7779
-22.58586,20.435545,clean,4,4054
-18.554697,24.548594,clean,4,5556
-58.014923,-13.7474375,clean,1,2687
22.102991,-32.244183,clean,2,1202
-1.5495124,-25.838041,clean,5,97
-24.953268,25.237898,clean,4,6033
-45.80622,8.682955,clean,7,1711
35.40738,-10.827705,clean,9,1430
61.32061,10.60935,clean,8,739
-52.90992,-12.751345,clean,1,3491
-39.79097,-21.30795,clean,1,1568
-18.305958,26.174988,clean,4,1211
25.621502,-37.91855,clean,2,4913
15.352544,-51.979675,clean,2,2502
-21.439135,-22.913895,clean,3,2539
-15.321052,-26.988049,clean,3,979
19.740938,-27.402893,clean,2,6354
26.022432,-39.915035,clean,2,4735
29.361668,40.03663,clean,0,5912
4.3283,14.362998,clean,6,3844
-24.012978,-14.507974,clean,3,1263
-53.172974,15.287353,clean,7,3404
51.452496,27.406876,clean,8,3905
39.66709,10.553363,clean,0,1596
38.924023,9.720993,clean,0,3083
2.3739936,13.341109,clean,6,2003
15.972199,-52.60116,clean,2,5030
-60.432842,-16.644583,clean,1,95
-10.9830885,17.50499,clean,4,2757
-59.71848,-15.42819,clean,1,3413
-48.17348,7.010465,clean,1,5488
7.0743732,10.163796,clean,6,4827
-13.389623,1.6363356,clean,5,1877
-48.242893,-13.512587,clean,1,2157
-17.585024,-20.785275,clean,3,4821
-13.830628,-5.7090964,clean,5,4953
49.63919,22.381481,clean,8,5525
-4.8908405,5.037354,clean,5,5381
-24.843378,-24.208557,clean,3,672
-51.776165,17.422194,clean,7,323
-40.745865,20.262882,clean,7,5436
-53.215916,5.134644,clean,7,5450
-5.4410553,-10.821036,clean,5,6358
-22.89257,-19.157507,clean,3,372
-3.9800153,-27.546808,clean,5,378
-18.334707,-3.193325,clean,5,7706
-50.280262,-21.32868,clean,1,2178
23.471945,-32.388332,clean,2,5237
29.594446,15.61434,clean,0,5478
50.387344,-12.350566,clean,9,5452
-20.307505,25.78008,clean,4,5623
-41.18201,-2.996668,clean,7,6772
-20.959661,21.549824,clean,4,1111
-12.116237,-23.8728,clean,3,5528
5.06724,15.649634,clean,6,3777
-2.163987,-4.630597,clean,5,2458
18.573294,-33.611202,clean,2,4921
58.959618,9.250265,clean,8,3015
41.2869,12.126591,clean,8,7476
31.200802,-34.78064,clean,2,1520
14.171945,8.099444,clean,6,6713
-59.92357,-13.488497,clean,1,1852
-3.593067,-27.971146,clean,5,2268
59.839375,16.884686,clean,8,151
3.1811721,13.821351,clean,6,890
-51.61326,-27.51527,clean,1,825
-32.17828,-25.269712,clean,3,2536
16.674826,-51.70533,clean,2,470
-57.793705,-19.700891,clean,1,5256
49.28475,-12.657067,clean,9,2011
24.467026,46.54774,clean,0,7150
3.4762864,13.135301,clean,6,449
-19.88729,34.763767,clean,4,2704
37.159424,11.5677,clean,0,3437
-23.845968,-12.216145,clean,3,3375
57.095135,3.3705966,clean,8,4552
-0.55641484,22.889986,clean,6,920
37.43369,9.237449,clean,0,2242
58.771698,11.878561,clean,8,2745
-53.6403,-0.096910946,clean,7,1032
-17.749687,-25.178097,clean,3,365
-4.5129037,-12.327931,clean,5,4850
32.32476,42.46841,clean,0,4819
3.4631457,23.58451,clean,6,7338
21.896805,46.17557,clean,0,7372
-51.334732,-28.080662,clean,1,1090
-20.649986,30.22818,clean,4,5062
14.5264845,-32.890995,clean,2,981
2.1804373,1.1154312,clean,6,5857
-22.554943,-4.375041,clean,1,1986
-21.726152,-4.953793,clean,1,5560
24.713482,-40.683037,clean,2,1814
59.73134,10.441418,clean,8,194
-58.3822,-15.540191,clean,1,1993
22.570206,-38.78664,clean,2,5333
51.52039,18.319763,clean,8,4311
21.018759,-40.952408,clean,2,7425
-1.8025049,-22.070019,clean,5,3889
-42.32403,4.9097033,clean,7,4308
-14.290484,10.888347,clean,4,1960
31.863003,37.946293,clean,0,4399
15.287655,5.7222266,clean,6,3191
-6.0005445,-15.020121,clean,5,1626
-28.657923,-26.434126,clean,3,176
0.077161886,13.867408,clean,6,7726
-10.545039,1.0528619,clean,5,2334
23.130482,48.424725,clean,0,1648
-53.87571,3.110288,clean,7,6084
29.102272,43.579185,clean,0,3455
38.443077,-18.121841,clean,9,1468
-41.27098,-1.4279269,clean,7,1296
-20.37611,24.202,clean,4,5213
54.912598,-19.697987,clean,9,7047
37.156013,-13.694151,clean,9,5360
19.00805,-31.78991,clean,2,5824
55.626232,2.4588552,clean,8,7460
-53.904316,15.304149,clean,7,4791
23.085897,-34.027016,clean,2,6692
35.895817,-0.6964387,clean,9,6931
55.115425,8.430714,clean,8,667
-0.84093976,19.326506,clean,6,7781
-15.663241,-10.369874,clean,3,7793
54.1708,-12.224399,clean,9,1411
-49.645947,7.182204,clean,7,1473
-7.2777658,-5.2154937,clean,5,7130
-24.89597,0.41424748,clean,7,1956
-15.804359,-7.966678,clean,5,6716
-0.7088892,-4.707673,clean,5,4106
8.441663,16.971714,clean,6,3494
-18.240562,34.40945,clean,4,691
-38.745117,-13.541563,clean,1,5220
-27.112309,-28.828524,clean,3,4908
-63.77662,-23.596485,clean,1,7029
19.492336,40.054855,clean,0,4130
41.311714,-11.628985,clean,9,7938
-9.993919,-9.149035,clean,5,5101
51.272392,-16.798738,clean,9,1515
-22.8203,24.581896,clean,4,3287
60.413403,16.05646,clean,8,716
-52.449993,3.0410492,clean,7,4236
-3.647358,17.42802,clean,6,5408
-11.933988,-8.194858,clean,5,5496
-17.665674,21.247448,clean,4,3365
-13.678686,-25.139952,clean,3,4323
-19.428822,23.927393,clean,4,5467
-12.510278,-4.2320366,clean,5,1644
54.294636,24.689249,clean,8,3948
-55.787453,11.935394,clean,7,6726
20.168194,-38.446712,clean,2,5395
-45.920883,8.449338,clean,7,1579
27.586517,42.020817,clean,0,5918
-4.2488117,-20.638323,clean,5,7041
-22.860405,35.809723,clean,4,506
0.7127657,12.775323,clean,6,4011
49.64811,-10.984171,clean,9,5981
18.020548,-47.04887,clean,2,409
-45.956097,-12.35045,clean,1,6954
15.552545,5.140938,clean,6,7555
22.633442,47.181393,clean,0,3965
34.80982,1.5149893,clean,9,7266
20.352884,49.69097,clean,0,4785
15.203447,-34.29085,clean,2,6028
26.66134,-38.916252,clean,2,6503
-13.61977,-13.541223,clean,5,6414
12.665674,10.015429,clean,6,5382
-64.128334,-24.19562,clean,1,6836
-21.316986,22.530838,clean,4,6508
-22.000835,30.424385,clean,4,3994
35.556694,-7.959077,clean,9,3942
-55.125637,14.527629,clean,7,3542
-21.055462,-18.092213,clean,3,6952
-29.128418,12.339212,clean,5,4290
53.309765,24.804163,clean,8,7446
-47.705116,-25.580893,clean,1,6169
-48.439423,-23.640242,clean,1,1109
-18.96637,21.14995,clean,4,3179
-55.69087,13.972353,clean,7,7835
-51.087128,-25.020311,clean,1,7390
-3.4536242,-28.766632,clean,5,568
-22.319973,31.394667,clean,4,4629
52.6637,10.079356,clean,8,7138
35.58939,-8.808046,clean,9,5284
21.203362,50.601013,clean,0,3
-57.26233,-15.855161,clean,1,2690
-5.8466234,21.405128,clean,6,5858
-20.495049,33.279804,clean,4,1266
-20.845198,28.963558,clean,4,3034
43.49158,-14.336151,clean,9,2655
-42.852257,22.193974,clean,7,6190
55.412872,5.7831974,clean,8,4170
52.331932,-16.998848,clean,9,7380
35.19636,-16.384209,clean,9,7752
23.742842,-7.8784366,clean,9,3996
-29.03326,-23.75774,clean,3,1204
42.245167,-12.235261,clean,9,1654
-2.607043,19.753716,clean,6,4746
-22.770115,-28.282373,clean,3,4590
29.043114,34.169117,clean,0,562
-4.610217,13.993218,clean,6,7108
30.686234,31.44661,clean,0,5999
21.037832,-37.00801,clean,2,1403
-52.44225,14.742382,clean,7,4403
26.48754,-42.05959,clean,2,6332
20.772057,-34.859592,clean,2,6264
55.12305,-17.97976,clean,9,303
-19.666239,-30.589,clean,3,791
22.941196,-41.801327,clean,2,3067
39.833794,11.462232,clean,0,484
-16.8037,-24.4707,clean,3,1370
35.01783,2.98268,clean,8,4069
14.9800005,42.895134,clean,0,7373
-21.867842,5.649136,clean,3,4330
-9.8643,-19.127665,clean,5,5701
18.095718,42.109043,clean,0,7465
-23.534676,-11.139788,clean,3,1531
59.027405,9.808054,clean,8,4676
-24.151028,-14.235615,clean,3,4531
52.23146,24.485804,clean,8,706
51.498066,22.341516,clean,8,2844
19.03037,-33.406933,clean,2,3755
-41.620613,19.22441,clean,7,5848
38.704254,-18.658754,clean,9,2114
35.4631,9.712599,clean,0,3876
-18.70736,-30.747572,clean,3,677
-30.211323,-24.647154,clean,1,2116
-52.592743,10.109668,clean,7,4661
11.496071,8.850115,clean,6,2676
35.871216,37.240974,clean,0,3025
33.19527,-7.238719,clean,9,4449
6.389791,14.472217,clean,6,977
57.723522,4.9941187,clean,8,4990
16.892153,42.386284,clean,0,7309
-56.237286,14.846926,clean,7,1048
-27.333883,-12.490504,clean,3,3276
26.735672,-11.231456,clean,2,5512
-17.220863,28.879328,clean,4,7692
-62.91628,-23.064844,clean,1,1436
35.111336,-14.569417,clean,9,7544
-31.262022,-26.988338,clean,3,3383
26.679234,44.471733,clean,0,1977
38.191483,11.228965,clean,0,2750
7.1770587,14.671025,clean,6,7996
-9.614071,-3.8940265,clean,5,6989
-7.2322025,-27.500841,clean,3,1431
-7.440088,-24.877071,clean,3,7416
-14.510423,-7.0881553,clean,5,4547
16.958607,37.30316,clean,0,42
28.19606,44.454277,clean,0,5117
10.44747,6.6104736,clean,6,4411
-19.810572,20.010735,clean,4,5789
23.539577,-30.934061,clean,2,483
-43.487988,-1.9121586,clean,7,6650
-34.71512,-25.39174,clean,3,4881
-25.499104,-22.829058,clean,3,391
-54.909927,15.349524,clean,7,370
46.03455,-15.499283,clean,9,419
39.70349,-10.83745,clean,9,3318
50.525494,1.6120785,clean,8,4355
-23.18818,21.6986,clean,4,5402
-1.245792,-8.99761,clean,5,5332
43.95997,-11.96471,clean,9,239
17.367802,-51.047863,clean,2,6271
50.2361,20.696585,clean,8,1129
-29.253204,12.104268,clean,5,2391
46.177303,-13.088793,clean,9,191
53.145985,-15.828984,clean,9,5447
-13.107083,36.238674,clean,4,6528
-27.201551,-25.933529,grayscale,3,632
42.431313,-9.679144,grayscale,9,131
-50.951317,0.8418192,grayscale,7,7081
55.19564,-15.067119,grayscale,9,1836
21.046844,46.90103,grayscale,0,6437
36.06892,39.732147,grayscale,0,6609
-45.07946,13.1736765,grayscale,7,3467
-23.578434,-26.212542,grayscale,3,1401
14.659432,-34.622593,grayscale,2,1839
-19.847439,-29.084955,grayscale,3,4168
19.077131,-42.90641,grayscale,2,35
51.8813,6.3570275,grayscale,8,4177
-46.498924,6.2675385,grayscale,7,7270
-4.579977,-7.671825,grayscale,5,2265
-43.542576,19.145525,grayscale,7,3288
52.508358,7.8999305,grayscale,8,5451
-26.01626,-11.345907,grayscale,3,4023
-51.96887,-26.726364,grayscale,1,261
-9.580798,-1.3274729,grayscale,5,4570
-6.9375963,-16.190054,grayscale,5,4966
-61.648834,-17.055384,grayscale,1,7955
-15.346651,34.69423,grayscale,4,6288
50.338634,17.456928,grayscale,8,7810
-52.09446,15.008854,grayscale,7,1927
-26.316296,-2.7609336,grayscale,1,1871
-2.963378,-6.998459,grayscale,5,6922
-17.185822,35.048473,grayscale,4,3512
-0.55108505,24.268267,grayscale,6,4754
20.63682,-24.991129,grayscale,2,714
47.16028,15.074273,grayscale,8,2191
24.899553,43.29732,grayscale,0,4615
54.10291,19.641897,grayscale,8,4662
40.874893,-8.422841,grayscale,9,5915
14.894609,16.163408,grayscale,4,766
16.086246,-51.30622,grayscale,2,5218
59.90771,8.980557,grayscale,8,2340
41.056835,14.828941,grayscale,8,1954
45.20845,18.04248,grayscale,8,7875
6.622694,17.842377,grayscale,6,3418
41.84634,-8.915124,grayscale,9,5572
-51.17455,1.9131677,grayscale,7,5977
-52.90137,-23.072222,grayscale,1,5123
55.447063,-19.034748,grayscale,9,5851
55.08476,-13.52386,grayscale,9,4094
-0.9381786,24.436853,grayscale,6,4254
-50.04884,13.546546,grayscale,7,2501
-61.72016,-15.814994,grayscale,1,6938
-15.4884205,30.73004,grayscale,4,171
-40.354774,-11.383956,grayscale,3,4215
55.498314,19.18467,grayscale,8,5705
-14.72834,31.848223,grayscale,4,3458
-49.414486,17.286566,grayscale,7,1220
53.120205,5.6151824,grayscale,8,962
-10.5881815,-20.931007,grayscale,5,2950
-3.8697562,-10.932527,grayscale,5,2623
31.120602,41.10766,grayscale,0,4539
16.056673,43.16106,grayscale,0,1553
-8.130752,29.005894,grayscale,4,4740
26.225636,45.226498,grayscale,0,6844
-45.814102,17.852974,grayscale,7,2668
-45.376698,18.20826,grayscale,7,3153
-12.694436,23.37928,grayscale,4,5135
-26.763647,-19.056452,grayscale,3,2291
-51.398407,-18.891626,grayscale,1,116
-27.834778,-21.760885,grayscale,3,7797
-28.027456,-21.012428,grayscale,3,4609
31.64047,35.331894,grayscale,0,81
1.7388573,22.224585,grayscale,6,5580
18.657185,-42.130325,grayscale,2,3024
-1.3844367,-27.255981,grayscale,5,2766
46.368237,13.467743,grayscale,8,5000
4.271351,3.3899126,grayscale,6,2610
31.708773,18.26162,grayscale,0,2024
-9.595397,30.183184,grayscale,4,6097
9.151259,3.115291,grayscale,6,964
22.755842,44.042282,grayscale,0,7634
47.56337,16.767237,grayscale,8,6434
16.73413,-50.714493,grayscale,2,5183
38.316517,15.101024,grayscale,0,6986
-3.1313555,-8.683038,grayscale,5,645
31.388412,40.784912,grayscale,0,3347
16.925987,-40.82585,grayscale,2,5677
53.942245,7.434592,grayscale,8,3412
-58.150124,-19.581442,grayscale,1,3937
-2.6584246,23.77926,grayscale,6,873
33.66434,-4.92731,grayscale,9,2167
-28.097748,-23.373358,grayscale,3,6490
-11.422558,-15.565608,grayscale,3,738
14.488879,-36.569885,grayscale,2,6616
8.865375,2.5945218,grayscale,6,4093
42.139954,-13.897073,grayscale,9,5788
61.154305,5.800218,grayscale,8,7818
-44.931244,-8.123688,grayscale,1,304
17.407433,-28.009087,grayscale,2,2082
-48.572582,10.442305,grayscale,7,2746
-8.487373,33.54092,grayscale,4,7944
53.150284,3.9938478,grayscale,8,6689
41.314095,-7.6316504,grayscale,9,2414
0.9779407,22.330194,grayscale,6,3779
-46.86745,-11.955465,grayscale,1,2095
32.39548,40.204227,grayscale,0,7262
53.543194,26.492485,grayscale,8,5694
-1.5172008,-28.40555,grayscale,5,7413
-50.757748,-26.97741,grayscale,1,6805
-47.48037,-1.5650411,grayscale,7,3446
-46.732597,-0.5028769,grayscale,5,2807
-14.04068,34.026203,grayscale,4,7940
-44.428303,18.174377,grayscale,7,4172
-7.128331,-26.639923,grayscale,3,7744
14.590881,-35.33849,grayscale,2,1586
51.4887,6.8756723,grayscale,8,7999
-50.970432,-13.114049,grayscale,1,6349
-49.022026,-26.843954,grayscale,1,6594
50.692547,25.29796,grayscale,8,2109
-61.13095,-16.053267,grayscale,1,3079
-44.017532,-10.229182,grayscale,1,2070
-12.726649,-6.5577636,grayscale,5,319
15.598506,42.98803,grayscale,0,2888
-9.922724,-0.6261932,grayscale,5,6224
-22.56268,-0.5554559,grayscale,5,3353
14.07649,-38.167717,grayscale,2,6244
-48.541107,9.099438,grayscale,7,4704
-9.9544525,-1.8403646,grayscale,5,2427
43.187004,-16.829596,grayscale,9,7995
-16.735392,34.13366,grayscale,4,1124
-50.163418,-17.082632,grayscale,1,6733
50.36403,-14.704382,grayscale,9,2062
38.30471,-11.441464,grayscale,9,805
-23.679186,-19.991413,grayscale,3,2028
19.053907,-39.157284,grayscale,2,2392
12.117895,7.379612,grayscale,6,3292
-50.995247,17.315083,grayscale,7,1440
-52.564976,-17.198994,grayscale,1,1115
60.243942,6.889058,grayscale,8,4242
53.590816,2.9748602,grayscale,8,2230
17.557505,-39.382435,grayscale,2,3163
17.967112,4.240502,grayscale,6,545
2.4394846,-13.048519,grayscale,5,3863
-52.071304,5.0173674,grayscale,7,4748
-9.978526,28.967112,grayscale,4,2399
6.9335456,19.823195,grayscale,6,4341
-17.101484,35.5398,grayscale,4,3078
-14.608864,29.415737,grayscale,4,3763
7.327219,19.6631,grayscale,6,2958
14.515147,9.627294,grayscale,6,6381
45.279884,18.934164,grayscale,8,1640
45.797543,16.9873,grayscale,8,1783
-29.185291,-26.177818,grayscale,3,3914
14.143742,13.132918,grayscale,6,1534
-1.132965,-13.395568,grayscale,5,685
32.453983,40.583256,grayscale,0,4617
50.730495,-13.548074,grayscale,9,5508
44.555637,-8.12609,grayscale,9,1022
-53.229954,-23.516382,grayscale,1,1230
-5.1728706,26.789495,grayscale,4,7475
19.696016,-40.940178,grayscale,2,5756
-10.742098,33.274227,grayscale,4,3122
-60.841457,-18.446619,grayscale,1,7202
42.02357,-8.92762,grayscale,9,4723
-4.9361897,-8.384817,grayscale,5,1552
48.97345,-8.246483,grayscale,9,603
-21.577576,-27.224392,grayscale,3,2861
19.90832,-40.334545,grayscale,2,6426
-13.828695,31.207113,grayscale,4,7864
3.923805,21.751965,grayscale,6,5729
-3.9865675,-6.528162,grayscale,5,7474
-60.63566,-14.404827,grayscale,1,4298
24.224031,43.88941,grayscale,0,1175
17.52688,-35.53963,grayscale,2,3454
-27.198664,-24.23969,grayscale,3,2754
-6.516992,26.635668,grayscale,4,855
-48.472725,15.901931,grayscale,7,2854
-62.39283,-14.564613,grayscale,1,5092
52.16658,-10.813616,grayscale,9,5590
-20.61961,-28.51073,grayscale,3,4463
20.500301,-25.137539,grayscale,2,5318
-5.2993608,25.886736,grayscale,6,3515
-16.63465,34.845078,grayscale,4,4642
53.314632,-19.148365,grayscale,9,852
51.462914,4.656298,grayscale,8,1247
16.7561,-39.589516,grayscale,2,7084
46.56997,-10.595021,grayscale,9,5301
7.7877893,19.9405,grayscale,6,5082
-7.89613,29.271074,grayscale,4,5077
-33.403454,-4.067089,grayscale,3,1563
-49.080765,14.192349,grayscale,7,29
-48.689007,11.047931,grayscale,7,3867
16.55117,14.175906,grayscale,6,4620
23.201538,-22.368011,grayscale,2,4065
1.6443938,-13.31621,grayscale,5,1095
-26.071682,-25.196255,grayscale,3,4229
-19.172398,-8.766256,grayscale,3,3562
45.450584,17.031776,grayscale,8,2342
13.68278,14.245984,grayscale,6,1667
-50.8812,-13.051027,grayscale,1,7033
-34.51049,11.273768,grayscale,7,1771
52.880695,4.2878304,grayscale,8,3157
-8.334804,-26.053755,grayscale,3,3851
-43.201992,19.521685,grayscale,7,1287
21.058838,40.865677,grayscale,0,7320
8.163262,19.350767,grayscale,6,7600
-6.368067,-17.332624,grayscale,5,3852
-46.06137,13.782943,grayscale,7,269
-44.926933,14.295832,grayscale,7,1703
-9.266848,-5.413514,grayscale,5,7776
-9.714563,33.68327,grayscale,4,3891
15.782447,41.258488,grayscale,0,7009
22.566826,45.12509,grayscale,0,4893
54.196064,-18.873108,grayscale,9,2351
-45.985477,-27.827742,grayscale,1,3550
-52.757656,2.401261,grayscale,7,5719
-49.324524,0.38635358,grayscale,7,1884
-15.250334,32.00835,grayscale,4,2898
-47.749546,-2.140831,grayscale,1,4640
-16.0755,33.752785,grayscale,4,7610
61.080143,7.85437,grayscale,8,1833
31.438887,18.082882,grayscale,0,6455
40.84818,-17.348429,grayscale,9,3893
5.089503,18.864773,grayscale,6,4731
-0.026159618,24.411684,grayscale,6,929
1.080462,19.923704,grayscale,6,3962
-11.217827,-27.604218,grayscale,3,3778
-28.039413,17.491463,grayscale,4,1429
19.758957,-42.190563,grayscale,2,49
42.82805,-9.674593,grayscale,9,276
-61.784584,-15.175505,grayscale,1,6076
19.385782,41.490414,grayscale,0,1389
15.901047,-49.829285,grayscale,2,3362
15.92236,-35.6574,grayscale,2,317
23.654478,43.51761,grayscale,0,4675
-9.558487,-0.5536839,grayscale,5,5924
-43.644417,-12.127937,grayscale,1,198
15.859885,14.311453,grayscale,6,7779
-8.698567,30.164381,grayscale,4,4054
-10.292807,28.391872,grayscale,4,5556
-57.476635,-14.087314,grayscale,1,2687
14.631138,-36.424194,grayscale,2,1202
-0.6698535,-27.643282,grayscale,5,97
-12.94924,30.87999,grayscale,4,6033
-47.21842,8.1091175,grayscale,7,1711
38.252174,-9.724253,grayscale,9,1430
59.8196,7.6120405,grayscale,8,739
-52.28072,-14.015064,grayscale,1,3491
-50.687534,-15.160792,grayscale,1,1568
-10.7831335,32.107292,grayscale,4,1211
17.673065,-41.99274,grayscale,2,4913
15.331344,-50.848953,grayscale,2,2502
-21.659805,-23.03312,grayscale,3,2539
-15.7780905,-27.283306,grayscale,3,979
19.381895,-27.24369,grayscale,2,6354
20.578186,-42.92258,grayscale,2,4735
30.224514,39.12112,grayscale,0,5912
13.002471,13.799115,grayscale,6,3844
-25.206013,-13.331659,grayscale,3,1263
-51.598057,15.05771,grayscale,7,3404
51.91595,27.756136,grayscale,8,3905
39.261177,15.5619135,grayscale,0,1596
39.691692,16.231758,grayscale,0,3083
3.8840444,21.930744,grayscale,6,2003
16.180368,-50.158394,grayscale,2,5030
-61.214252,-16.650381,grayscale,1,95
-11.159641,17.751215,grayscale,4,2757
-61.191345,-15.288648,grayscale,1,3413
-47.839874,7.1171613,grayscale,1,5488
8.622259,19.454203,grayscale,6,4827
-12.640133,24.253916,grayscale,5,1877
-48.472733,-13.784373,grayscale,1,2157
-26.139336,-29.279114,grayscale,3,4821
-11.147369,-4.5373454,grayscale,5,4953
49.015167,23.072273,grayscale,8,5525
-4.256837,4.4432654,grayscale,5,5381
-25.498798,-24.42012,grayscale,3,672
-51.442356,17.29965,grayscale,7,323
-42.94341,19.382288,grayscale,7,5436
-52.075203,5.351175,grayscale,7,5450
-4.55872,-10.259941,grayscale,5,6358
-22.226957,-19.814117,grayscale,3,372
-2.549841,-29.212454,grayscale,5,378
-9.431077,-5.7131677,grayscale,5,7706
-50.252514,-21.225153,grayscale,1,2178
15.87794,-36.125122,grayscale,2,5237
31.5383,18.128616,grayscale,0,5478
50.075928,-11.977123,grayscale,9,5452
-13.7522545,32.12125,grayscale,4,5623
-47.48797,-0.52249444,grayscale,7,6772
-8.448455,29.700918,grayscale,4,1111
-12.116925,-23.873909,grayscale,3,5528
-4.1519785,26.717724,grayscale,6,3777
-2.2108018,-4.831766,grayscale,5,2458
16.273888,-36.68003,grayscale,2,4921
58.179035,7.1319613,grayscale,8,3015
42.075863,16.62983,grayscale,8,7476
31.200478,-35.04876,grayscale,2,1520
14.00035,9.402504,grayscale,6,6713
-59.239857,-13.049639,grayscale,1,1852
-2.8219838,-28.68466,grayscale,5,2268
52.943058,5.945834,grayscale,8,151
3.7626438,19.439182,grayscale,6,890
-50.882767,-27.301483,grayscale,1,825
-28.379375,-24.795534,grayscale,3,2536
17.439205,-48.552685,grayscale,2,470
-60.516785,-18.147236,grayscale,1,5256
49.26417,-12.21282,grayscale,9,2011
22.936438,46.263832,grayscale,0,7150
3.8727734,18.914223,grayscale,6,449
-16.277124,36.101627,grayscale,4,2704
40.059254,16.637096,grayscale,0,3437
-25.006212,-11.391821,grayscale,3,3375
53.37306,1.2640408,grayscale,8,4552
-0.056254648,23.386047,grayscale,6,920
39.447353,15.756931,grayscale,0,2242
57.304867,7.2028804,grayscale,8,2745
-48.627842,-0.16225046,grayscale,7,1032
-18.90686,-26.008087,grayscale,3,365
-4.0849495,-11.392802,grayscale,5,4850
32.361942,40.148136,grayscale,0,4819
4.586851,21.786432,grayscale,6,7338
21.722116,45.7246,grayscale,0,7372
-50.282063,-27.875631,grayscale,1,1090
-15.608715,35.71899,grayscale,4,5062
14.000643,-33.31988,grayscale,2,981
2.3140824,1.1642684,grayscale,6,5857
-50.124695,-17.173433,grayscale,1,1986
-51.454086,-16.819933,grayscale,1,5560
20.594658,-42.77734,grayscale,2,1814
59.399708,7.6004767,grayscale,8,194
-61.995956,-16.415642,grayscale,1,1993
18.314095,-41.273487,grayscale,2,5333
47.556725,16.578308,grayscale,8,4311
20.424423,-41.09916,grayscale,2,7425
-1.8119591,-22.064081,grayscale,5,3889
-49.529953,12.57536,grayscale,7,4308
-15.388264,37.4397,grayscale,4,1960
31.874485,37.727673,grayscale,0,4399
15.182507,13.646554,grayscale,6,3191
-6.109346,-15.477545,grayscale,5,1626
-27.957916,-23.69265,grayscale,3,176
2.6417577,21.104362,grayscale,6,7726
-8.9665785,-0.51652884,grayscale,5,2334
20.341585,44.70485,grayscale,0,1648
-51.68892,1.740264,grayscale,7,6084
26.133461,43.180305,grayscale,0,3455
39.940376,-17.13085,grayscale,9,1468
-47.21739,-1.0784743,grayscale,7,1296
-14.444537,29.442108,grayscale,4,5213
53.93968,-19.628313,grayscale,9,7047
40.03563,-16.677078,grayscale,9,5360
17.901596,-31.214441,grayscale,2,5824
54.286377,1.6535839,grayscale,8,7460
-52.747177,15.357634,grayscale,7,4791
14.9402075,-35.812107,grayscale,2,6692
39.22483,-7.582564,grayscale,9,6931
54.197468,7.8594737,grayscale,8,667
0.80041534,19.97967,grayscale,6,7781
-16.809784,-10.269309,grayscale,3,7793
54.131752,-12.20268,grayscale,9,1411
-49.099705,7.5885835,grayscale,7,1473
-7.3733177,-5.568377,grayscale,5,7130
-46.568222,0.8293473,grayscale,7,1956
-17.607374,-9.431868,grayscale,5,6716
-1.0925486,-4.714222,grayscale,5,4106
8.3455105,18.434698,grayscale,6,3494
-15.778579,34.79672,grayscale,4,691
-39.137985,-13.144273,grayscale,1,5220
-27.498846,-28.598503,grayscale,3,4908
-60.92646,-15.744427,grayscale,1,7029
19.863266,41.76517,grayscale,0,4130
42.128525,-10.056693,grayscale,9,7938
-10.21435,-8.808537,grayscale,5,5101
50.864887,-15.347118,grayscale,9,1515
-14.928488,31.134565,grayscale,4,3287
60.63821,15.885744,grayscale,8,716
-47.966637,6.184258,grayscale,7,4236
-3.0943682,25.103188,grayscale,6,5408
-12.249652,-7.7177,grayscale,5,5496
-8.684673,26.699652,grayscale,4,3365
-13.458864,-24.905941,grayscale,3,4323
-9.96297,28.422129,grayscale,4,5467
-10.696597,-3.868037,grayscale,5,1644
54.949215,25.657402,grayscale,8,3948
-45.94523,14.38609,grayscale,7,6726
18.02984,-39.868805,grayscale,2,5395
-47.250183,8.409065,grayscale,7,1579
22.98827,43.256363,grayscale,0,5918
-4.3600307,-20.645916,grayscale,5,7041
-9.764455,34.91335,grayscale,4,506
5.7217093,20.910118,grayscale,6,4011
49.706844,-11.757652,grayscale,9,5981
18.951244,-40.194347,grayscale,2,409
-45.912556,-11.74269,grayscale,1,6954
12.552697,7.5095882,grayscale,6,7555
22.267511,46.73664,grayscale,0,3965
39.26352,-7.757237,grayscale,9,7266
19.544958,46.98772,grayscale,0,4785
14.527339,-34.935085,grayscale,2,6028
18.915897,-43.055313,grayscale,2,6503
-14.299544,-13.526784,grayscale,5,6414
12.968709,10.668681,grayscale,6,5382
-56.168186,-14.334414,grayscale,1,6836
-7.6200304,29.47774,grayscale,4,6508
-14.116767,33.979534,grayscale,4,3994
38.18563,-11.253852,grayscale,9,3942
-52.252342,15.709072,grayscale,7,3542
-22.180017,-19.663317,grayscale,3,6952
-29.207098,13.401988,grayscale,5,4290
54.210922,25.76624,grayscale,8,7446
-45.9838,-24.256989,grayscale,1,6169
-49.340252,-23.978859,grayscale,1,1109
-7.6447425,28.434158,grayscale,4,3179
-49.492767,14.695791,grayscale,7,7835
-50.82389,-25.051058,grayscale,1,7390
-3.3750257,-29.224342,grayscale,5,568
-9.5290985,33.6395,grayscale,4,4629
51.585056,6.1626997,grayscale,8,7138
38.693398,-9.413162,grayscale,9,5284
21.895548,50.318264,grayscale,0,3
-56.97276,-14.986197,grayscale,1,2690
-6.7649946,27.69901,grayscale,6,5858
-15.4547205,37.306202,grayscale,4,1266
-15.189832,33.518684,grayscale,4,3034
43.11102,-14.538263,grayscale,9,2655
-45.256344,18.431322,grayscale,7,6190
53.025894,4.5232015,grayscale,8,4170
51.57773,-15.556737,grayscale,9,7380
38.947178,-17.145542,grayscale,9,7752
23.734978,-7.8878527,grayscale,9,3996
-28.598606,-23.812408,grayscale,3,1204
42.94467,-13.485219,grayscale,9,1654
-4.293162,25.096672,grayscale,6,4746
-24.860683,-25.940174,grayscale,3,4590
29.187521,34.119297,grayscale,0,562
-6.2500396,29.799953,grayscale,6,7108
30.40019,32.327442,grayscale,0,5999
17.225943,-40.380417,grayscale,2,1403
-51.04579,14.693039,grayscale,7,4403
19.677706,-43.2672,grayscale,2,6332
17.962345,-38.27952,grayscale,2,6264
54.507286,-19.05629,grayscale,9,303
-20.223162,-30.10465,grayscale,3,791
21.327768,-41.979637,grayscale,2,3067
38.225708,15.242149,grayscale,0,484
-19.06745,-26.090778,grayscale,3,1370
43.37418,16.761858,grayscale,8,4069
15.543795,42.13134,grayscale,0,7373
-8.113923,32.74974,grayscale,3,4330
-9.892862,-19.17251,grayscale,5,5701
18.696627,42.772034,grayscale,0,7465
-25.625866,-11.304598,grayscale,3,1531
58.510025,7.482812,grayscale,8,4676
-26.543121,-11.877864,grayscale,3,4531
52.16551,25.40777,grayscale,8,706
44.034767,18.714067,grayscale,8,2844
16.355314,-36.8706,grayscale,2,3755
-44.28099,17.938433,grayscale,7,5848
39.95029,-17.651327,grayscale,9,2114
35.76176,10.983162,grayscale,0,3876
-20.16612,-29.804644,grayscale,3,677
-29.102385,-22.718584,grayscale,1,2116
-48.939484,10.661287,grayscale,7,4661
16.15088,13.898473,grayscale,6,2676
35.87111,37.24103,grayscale,0,3025
42.62349,-7.3260055,grayscale,9,4449
3.633461,19.666803,grayscale,6,977
52.002754,4.006608,grayscale,8,4990
16.62883,42.201683,grayscale,0,7309
-49.933628,15.044973,grayscale,7,1048
-27.21683,-12.4194,grayscale,3,3276
39.226322,-8.572777,grayscale,2,5512
-8.886167,33.312786,grayscale,4,7692
-61.628857,-14.136517,grayscale,1,1436
40.106083,-15.867034,grayscale,9,7544
-27.505724,-22.38468,grayscale,3,3383
24.668404,44.28299,grayscale,0,1977
39.869255,16.117823,grayscale,0,2750
5.7488813,20.35131,grayscale,6,7996
-9.886714,-3.843796,grayscale,5,6989
-7.466011,-27.272943,grayscale,3,1431
-7.778107,-24.59232,grayscale,3,7416
-13.075572,-7.0617905,grayscale,5,4547
16.911592,37.48221,grayscale,0,42
24.11735,44.461224,grayscale,0,5117
15.858727,14.232435,grayscale,6,4411
-8.476681,28.186882,grayscale,4,5789
13.360859,-35.358147,grayscale,2,483
-47.59516,1.2899203,grayscale,7,6650
-44.292213,-9.274252,grayscale,3,4881
-25.745201,-23.183905,grayscale,3,391
-50.833973,15.571431,grayscale,7,370
45.762257,-15.721383,grayscale,9,419
39.35061,-10.281694,grayscale,9,3318
51.7604,2.4207585,grayscale,8,4355
-8.969068,29.979513,grayscale,4,5402
-3.2836702,-7.625451,grayscale,5,5332
43.06516,-13.29605,grayscale,9,239
18.01762,-49.673706,grayscale,2,6271
44.91635,18.01115,grayscale,8,1129
-29.272924,13.370285,grayscale,5,2391
43.543312,-16.728199,grayscale,9,191
52.395836,-15.415298,grayscale,9,5447
-13.935555,35.86042,grayscale,4,6528
-31.458126,-17.071068,cue_conflict,3,2291
-26.022299,-12.369935,cue_conflict,3,4023
-32.88284,-16.12268,cue_conflict,3,2539
-30.489899,-8.636195,cue_conflict,3,6952
-14.355885,-23.589643,cue_conflict,3,4323
-19.946842,-14.113606,cue_conflict,3,6952
-4.0128736,-3.469902,cue_conflict,3,4323
-14.520837,-23.53549,cue_conflict,3,4323
-12.200254,-9.649016,cue_conflict,3,6952
-17.3582,-27.662613,cue_conflict,3,791
-31.028069,-17.175928,cue_conflict,3,2861
-32.51862,-16.984507,cue_conflict,3,2539
-27.674494,-12.248288,cue_conflict,3,4023
-21.170017,-17.073174,cue_conflict,3,6952
-16.00447,-27.617363,cue_conflict,3,677
-22.926054,-14.43645,cue_conflict,3,672
-16.460068,-14.120292,cue_conflict,3,7797
-17.321468,-27.853893,cue_conflict,3,791
-17.74486,-13.187016,cue_conflict,3,4330
-30.707703,-22.174812,cue_conflict,3,3914
-15.969037,-27.697296,cue_conflict,5,568
-8.628001,-1.2685976,cue_conflict,5,4570
-12.505564,-8.639837,cue_conflict,5,5496
-9.12309,0.5264469,cue_conflict,5,2334
-5.5068355,-21.095436,cue_conflict,5,7706
-8.209936,-7.5757155,cue_conflict,5,7776
-50.178635,-14.684617,cue_conflict,5,4290
-34.556274,-19.139095,cue_conflict,5,319
-7.31557,-0.3286929,cue_conflict,5,4570
-33.524334,-19.43333,cue_conflict,5,2623
-32.104435,-22.37481,cue_conflict,5,97
-9.226087,2.0682514,cue_conflict,5,6224
-14.184268,-15.166362,cue_conflict,5,2427
-34.175026,-19.488483,cue_conflict,5,319
-31.669395,-16.362488,cue_conflict,5,2427
-4.2814975,-3.6825786,cue_conflict,5,2458
-16.050276,-14.044056,cue_conflict,5,4850
-10.924609,-8.295367,cue_conflict,5,5101
-9.3442745,-3.7035856,cue_conflict,5,6989
-14.211443,-15.086865,cue_conflict,5,319
-8.208284,22.219114,cue_conflict,4,3994
-7.0396705,16.518723,cue_conflict,4,6528
-5.8863215,16.951628,cue_conflict,4,2898
-7.204444,17.3031,cue_conflict,4,2898
-8.236333,21.261965,cue_conflict,4,4054
-7.458143,15.971775,cue_conflict,4,5789
-17.296328,26.474789,cue_conflict,4,5402
-7.661355,16.01662,cue_conflict,4,1124
10.71076,2.4118438,cue_conflict,4,3458
-7.197863,17.189177,cue_conflict,4,6508
-19.009302,27.45087,cue_conflict,4,6288
-9.166071,20.649933,cue_conflict,4,3994
-10.176189,21.98605,cue_conflict,4,6097
-16.201103,29.90277,cue_conflict,4,3458
-8.183706,23.942448,cue_conflict,4,2399
-9.344531,25.328537,cue_conflict,4,5556
-17.885921,27.168217,cue_conflict,4,5402
-9.844699,17.49204,cue_conflict,4,2757
-11.056386,21.273485,cue_conflict,4,855
-9.176264,17.43045,cue_conflict,4,2757
-10.078716,21.467455,cue_conflict,6,4731
-8.621841,23.61689,cue_conflict,6,1667
-9.980397,21.141403,cue_conflict,6,2610
7.7030435,4.4375196,cue_conflict,6,5382
-6.6700487,19.163382,cue_conflict,6,929
6.313788,1.2002764,cue_conflict,6,964
-9.967117,22.923351,cue_conflict,6,3777
6.5212135,0.7505789,cue_conflict,6,4011
-9.721596,13.011835,cue_conflict,6,5082
-7.3947864,19.465786,cue_conflict,6,7726
-9.15766,12.820914,cue_conflict,6,5082
-35.87084,-16.268091,cue_conflict,6,5382
-3.5434704,23.22271,cue_conflict,6,3418
-7.8613997,19.78822,cue_conflict,6,1667
-6.7876897,24.377525,cue_conflict,6,3515
-5.8164353,18.094885,cue_conflict,6,4754
-8.540218,12.74477,cue_conflict,6,4341
6.654635,4.7703686,cue_conflict,6,3292
-9.510081,12.849064,cue_conflict,6,5082
-9.986377,22.8991,cue_conflict,6,3777
-45.30146,-18.494999,cue_conflict,1,5560
-30.5963,-22.496613,cue_conflict,1,2116
-63.24837,-24.743366,cue_conflict,1,3079
-48.96635,-19.78336,cue_conflict,1,2178
-49.921852,-6.0297823,cue_conflict,1,3413
-48.573677,-5.968143,cue_conflict,1,2095
-43.807224,3.0072563,cue_conflict,1,7033
-49.77708,-6.7559423,cue_conflict,1,95
-50.494278,-6.305887,cue_conflict,1,2070
-49.163036,-20.398214,cue_conflict,1,261
-49.994015,-9.091335,cue_conflict,1,95
-48.298122,-19.887787,cue_conflict,1,6805
-45.262547,-18.511705,cue_conflict,1,5560
-31.125746,-18.273062,cue_conflict,1,2116
-50.24462,-6.739886,cue_conflict,1,3413
-49.815647,-7.007043,cue_conflict,1,7955
-36.948853,-16.614923,cue_conflict,1,6954
-48.996593,-7.7043457,cue_conflict,1,7202
-30.591137,-8.630629,cue_conflict,1,7390
-48.18357,-8.174606,cue_conflict,1,5092
-34.773514,-17.905266,cue_conflict,7,1579
-48.37166,-11.839308,cue_conflict,7,1711
-49.658215,-12.077475,cue_conflict,7,1703
-34.499264,-17.565456,cue_conflict,7,1440
-39.45286,-17.209648,cue_conflict,7,269
-43.454227,3.6059957,cue_conflict,7,2501
-49.634514,-11.016035,cue_conflict,7,6772
-37.893528,-16.574953,cue_conflict,7,1703
-42.33768,-8.909177,cue_conflict,7,3446
-37.756924,-16.513453,cue_conflict,7,4661
-48.588383,-10.882424,cue_conflict,7,1032
-48.602806,-12.008996,cue_conflict,7,1711
-37.52796,-15.227194,cue_conflict,7,1927
-50.37206,-11.260697,cue_conflict,7,1956
-48.402367,-5.5624075,cue_conflict,7,5719
-46.29781,-21.799183,cue_conflict,7,4403
-48.544815,-6.49965,cue_conflict,7,3867
-38.145596,-16.705803,cue_conflict,7,4704
-50.60192,-7.069746,cue_conflict,7,4172
-37.55408,-16.330278,cue_conflict,7,7270
22.829832,-14.747024,cue_conflict,2,4735
28.00361,-16.047707,cue_conflict,2,4735
24.226574,-14.998359,cue_conflict,2,2502
25.548231,-18.336407,cue_conflict,2,6244
31.089806,-18.685522,cue_conflict,2,3163
29.384232,-17.377455,cue_conflict,2,317
28.650133,-18.906326,cue_conflict,2,483
32.32723,-17.470331,cue_conflict,2,5333
25.518661,-18.592192,cue_conflict,2,5395
28.807661,-15.7554035,cue_conflict,2,714
26.807405,-17.824623,cue_conflict,2,1403
33.127644,-17.163237,cue_conflict,2,35
28.896273,-17.887001,cue_conflict,2,483
24.436394,-17.405487,cue_conflict,2,3024
32.031574,-17.589987,cue_conflict,2,4065
24.286963,-17.39204,cue_conflict,2,6503
28.181475,-18.833452,cue_conflict,2,5237
30.641024,-18.270927,cue_conflict,2,6028
26.08806,-19.067513,cue_conflict,2,6354
28.790424,-14.94731,cue_conflict,2,2082
28.1927,-15.104949,cue_conflict,9,805
23.698732,-21.809845,cue_conflict,9,131
26.560131,-16.310656,cue_conflict,9,5981
29.428898,-16.4559,cue_conflict,9,7752
22.085993,-14.402481,cue_conflict,9,5301
26.934471,-16.786495,cue_conflict,9,191
27.977417,-17.939943,cue_conflict,9,1022
29.048908,-16.570194,cue_conflict,9,1468
24.627478,-16.430723,cue_conflict,9,7380
26.801256,-33.35111,cue_conflict,9,7995
28.289001,-17.241608,cue_conflict,9,191
27.26925,-15.4221,cue_conflict,9,7047
27.862831,-17.979872,cue_conflict,9,1022
21.621513,-14.144513,cue_conflict,9,5452
26.06075,-15.11796,cue_conflict,9,191
26.749138,-16.483883,cue_conflict,9,2414
27.651165,-15.648137,cue_conflict,9,5572
32.686943,-18.531643,cue_conflict,9,2114
26.66811,-16.408615,cue_conflict,9,276
24.14903,-15.021634,cue_conflict,9,2414
33.34273,29.046143,cue_conflict,0,1977
33.22697,3.065948,cue_conflict,0,4617
31.930183,30.473436,cue_conflict,0,3965
32.83866,29.581797,cue_conflict,0,3
34.13263,27.449764,cue_conflict,0,42
33.970306,29.88277,cue_conflict,0,1648
35.496704,25.64352,cue_conflict,0,6844
33.987053,26.921675,cue_conflict,0,1553
41.754246,24.306772,cue_conflict,0,6986
38.301384,25.26677,cue_conflict,0,6609
38.099194,26.415041,cue_conflict,0,4893
38.259964,25.14441,cue_conflict,0,7009
39.152363,29.04339,cue_conflict,0,4819
40.401154,24.57574,cue_conflict,0,1596
38.831898,28.875675,cue_conflict,0,4615
36.502895,21.605862,cue_conflict,0,5918
34.34576,28.810915,cue_conflict,0,7634
33.57427,28.862669,cue_conflict,0,7634
39.13067,24.60421,cue_conflict,0,3083
36.713657,25.935022,cue_conflict,0,2750
35.197445,26.559185,cue_conflict,8,962
35.455597,26.439651,cue_conflict,8,667
37.96667,28.385292,cue_conflict,8,6434
42.285885,24.676374,cue_conflict,8,706
36.20788,27.145945,cue_conflict,8,2191
36.67862,26.642221,cue_conflict,8,4990
35.171165,27.340555,cue_conflict,8,4177
42.72036,24.609104,cue_conflict,8,5694
37.61192,27.93227,cue_conflict,8,6434
39.60617,24.764051,cue_conflict,8,716
34.763855,27.411413,cue_conflict,8,4177
35.614952,28.124325,cue_conflict,8,716
35.9846,28.720354,cue_conflict,8,6689
37.221703,26.953564,cue_conflict,8,151
36.79203,25.340633,cue_conflict,8,2340
34.84679,26.617954,cue_conflict,8,3948
36.61449,25.44888,cue_conflict,8,2109
35.427494,25.4448,cue_conflict,8,667
36.02078,26.160538,cue_conflict,8,4552
34.294807,26.088074,cue_conflict,8,1954
-27.471771,-26.784912,translation_32_right,3,632
45.109554,-11.494554,translation_32_right,9,131
-55.332455,1.3949062,translation_32_right,7,7081
55.685253,-16.99209,translation_32_right,9,1836
20.796576,47.312527,translation_32_right,0,6437
36.088173,40.713127,translation_32_right,0,6609
-44.969322,11.784813,translation_32_right,7,3467
-23.530397,-26.637772,translation_32_right,3,1401
15.979862,-33.130283,translation_32_right,2,1839
-18.176012,-30.400204,translation_32_right,3,4168
23.386375,-40.02105,translation_32_right,2,35
56.68372,11.61582,translation_32_right,8,4177
-45.82894,5.791894,translation_32_right,7,7270
-15.266094,1.2762312,translation_32_right,5,2265
-41.317898,20.268467,translation_32_right,7,3288
56.094936,8.858317,translation_32_right,8,5451
-25.66048,-14.442247,translation_32_right,3,4023
-52.96664,-27.75889,translation_32_right,1,261
-11.821642,0.3575085,translation_32_right,5,4570
-9.581373,-14.529455,translation_32_right,5,4966
-58.45801,-16.889557,translation_32_right,1,7955
-18.097546,31.642399,translation_32_right,4,6288
51.296207,18.795044,translation_32_right,8,7810
-53.59958,13.845458,translation_32_right,7,1927
-25.884596,-2.5939221,translation_32_right,1,1871
-1.7267679,-7.5140157,translation_32_right,5,6922
-22.319132,28.580751,translation_32_right,4,3512
1.0273552,14.869536,translation_32_right,6,4754
21.689943,-25.568827,translation_32_right,2,714
49.472496,14.12826,translation_32_right,8,2191
25.784029,44.032677,translation_32_right,0,4615
54.182167,19.334307,translation_32_right,8,4662
34.88052,-13.144992,translation_32_right,9,5915
-6.320754,10.659777,translation_32_right,4,766
16.058353,-52.313255,translation_32_right,2,5218
60.901104,9.10424,translation_32_right,8,2340
41.689495,13.9817095,translation_32_right,8,1954
50.383095,19.852106,translation_32_right,8,7875
6.841956,16.60631,translation_32_right,6,3418
36.611443,-5.0555315,translation_32_right,9,5572
-54.626568,2.074921,translation_32_right,7,5977
-53.104843,-26.317875,translation_32_right,1,5123
55.81771,-18.228704,translation_32_right,9,5851
54.5599,-13.562399,translation_32_right,9,4094
-2.0835855,13.848145,translation_32_right,6,4254
-54.14113,14.194356,translation_32_right,7,2501
-59.68533,-15.004594,translation_32_right,1,6938
-22.831017,26.33413,translation_32_right,4,171
-39.971554,-10.652695,translation_32_right,3,4215
54.919147,18.03873,translation_32_right,8,5705
-17.996859,30.123463,translation_32_right,4,3458
-41.932396,20.670193,translation_32_right,7,1220
58.312206,10.757962,translation_32_right,8,962
-10.69056,-21.330452,translation_32_right,5,2950
-3.1951272,-12.401882,translation_32_right,5,2623
30.649654,41.859127,translation_32_right,0,4539
16.699173,43.127785,translation_32_right,0,1553
-20.0137,22.674585,translation_32_right,4,4740
27.306208,44.825138,translation_32_right,0,6844
-41.307537,21.446924,translation_32_right,7,2668
-41.596924,21.779297,translation_32_right,7,3153
-12.789391,22.589203,translation_32_right,4,5135
-26.466726,-18.101324,translation_32_right,3,2291
-47.95414,-22.403963,translation_32_right,1,116
-31.889986,-28.051937,translation_32_right,3,7797
-29.00195,-20.419352,translation_32_right,3,4609
31.827938,35.167244,translation_32_right,0,81
-0.64499396,12.95928,translation_32_right,6,5580
25.53182,-38.883915,translation_32_right,2,3024
-2.516785,-26.759533,translation_32_right,5,2766
46.250706,12.711428,translation_32_right,8,5000
4.7091694,3.4459999,translation_32_right,6,2610
29.792814,16.151533,translation_32_right,0,2024
-22.877243,21.534616,translation_32_right,4,6097
9.713872,3.1444714,translation_32_right,6,964
22.530931,44.18476,translation_32_right,0,7634
52.682175,18.015776,translation_32_right,8,6434
16.917961,-52.393024,translation_32_right,2,5183
39.380413,12.075976,translation_32_right,0,6986
-2.4994032,-9.04927,translation_32_right,5,645
31.865591,41.54477,translation_32_right,0,3347
22.486917,-37.413597,translation_32_right,2,5677
54.29754,9.148751,translation_32_right,8,3412
-58.007587,-19.620905,translation_32_right,1,3937
-3.0132277,23.107746,translation_32_right,6,873
33.0481,-5.4977574,translation_32_right,9,2167
-35.091805,-22.724743,translation_32_right,3,6490
-11.420746,-14.776739,translation_32_right,3,738
23.762966,-35.10775,translation_32_right,2,6616
9.470532,2.362673,translation_32_right,6,4093
37.83615,-16.70858,translation_32_right,9,5788
59.05658,4.5474095,translation_32_right,8,7818
-42.679893,-15.372974,translation_32_right,1,304
23.877571,-31.222216,translation_32_right,2,2082
-50.159294,9.636656,translation_32_right,7,2746
-17.840048,7.3496757,translation_32_right,4,7944
55.724903,5.233181,translation_32_right,8,6689
37.608444,1.6220481,translation_32_right,9,2414
-0.43806195,21.816717,translation_32_right,6,3779
-46.883633,-12.668052,translation_32_right,1,2095
30.697672,43.50744,translation_32_right,0,7262
53.0045,26.211271,translation_32_right,8,5694
-2.0652807,-27.79978,translation_32_right,5,7413
-52.30629,-28.02524,translation_32_right,1,6805
-40.341244,-1.2633922,translation_32_right,7,3446
-38.975143,-1.7727522,translation_32_right,5,2807
-21.780922,28.241098,translation_32_right,4,7940
-41.264614,22.70231,translation_32_right,7,4172
-6.657317,-26.666584,translation_32_right,3,7744
16.58252,-33.175312,translation_32_right,2,1586
54.94597,8.898138,translation_32_right,8,7999
-53.360897,-12.885777,translation_32_right,1,6349
-48.855167,-26.772253,translation_32_right,1,6594
50.683624,24.844078,translation_32_right,8,2109
-63.611187,-22.325182,translation_32_right,1,3079
-42.36039,-10.383981,translation_32_right,1,2070
-14.274335,-6.1149135,translation_32_right,5,319
15.137621,43.581055,translation_32_right,0,2888
-12.165576,1.0481311,translation_32_right,5,6224
-23.076046,-0.41509014,translation_32_right,5,3353
23.480215,-36.833767,translation_32_right,2,6244
-49.396206,8.557921,translation_32_right,7,4704
-12.716638,0.11314299,translation_32_right,5,2427
46.371384,-14.240833,translation_32_right,9,7995
-20.85061,32.32757,translation_32_right,4,1124
-22.651968,-4.7326975,translation_32_right,1,6733
50.29013,-14.309643,translation_32_right,9,2062
36.843044,-11.576646,translation_32_right,9,805
-24.49678,-18.448616,translation_32_right,3,2028
26.748545,-37.24716,translation_32_right,2,2392
11.23689,7.4726915,translation_32_right,6,3292
-53.10728,17.895014,translation_32_right,7,1440
-53.01391,-17.231136,translation_32_right,1,1115
61.949814,8.284678,translation_32_right,8,4242
58.356014,4.174688,translation_32_right,8,2230
21.554276,-35.714836,translation_32_right,2,3163
16.710768,4.9664664,translation_32_right,6,545
2.1912837,-12.979739,translation_32_right,5,3863
-53.034103,4.1327624,translation_32_right,7,4748
-15.756913,25.553076,translation_32_right,4,2399
6.6117234,15.2073,translation_32_right,6,4341
-18.433933,35.54279,translation_32_right,4,3078
-21.26851,25.907907,translation_32_right,4,3763
5.067413,14.640312,translation_32_right,6,2958
14.445993,8.30626,translation_32_right,6,6381
47.41751,23.206964,translation_32_right,8,1640
49.62996,19.362751,translation_32_right,8,1783
-30.549198,-26.906862,translation_32_right,3,3914
14.183996,13.272281,translation_32_right,6,1534
-0.6022027,-13.809904,translation_32_right,5,685
31.96433,43.01736,translation_32_right,0,4617
50.505543,-13.545985,translation_32_right,9,5508
44.87032,-8.619953,translation_32_right,9,1022
-54.35015,-23.884417,translation_32_right,1,1230
-18.206947,23.162308,translation_32_right,4,7475
19.411877,-41.033592,translation_32_right,2,5756
-18.993076,32.903645,translation_32_right,4,3122
-65.27811,-24.257267,translation_32_right,1,7202
38.48369,-4.8044314,translation_32_right,9,4723
-15.7112055,1.7511668,translation_32_right,5,1552
48.957565,-8.221399,translation_32_right,9,603
-21.621458,-27.067593,translation_32_right,3,2861
21.384613,-39.2628,translation_32_right,2,6426
-23.760616,22.049688,translation_32_right,4,7864
3.290549,14.780969,translation_32_right,6,5729
-17.362375,-1.3754861,translation_32_right,5,7474
-59.562157,-14.444223,translation_32_right,1,4298
28.576925,42.94661,translation_32_right,0,1175
18.614773,-35.449455,translation_32_right,2,3454
-30.265295,-27.67066,translation_32_right,3,2754
-8.046866,24.84672,translation_32_right,4,855
-42.427185,22.506584,translation_32_right,7,2854
-63.132504,-22.205778,translation_32_right,1,5092
53.175987,-10.855828,translation_32_right,9,5590
-24.580957,-27.57209,translation_32_right,3,4463
23.752966,-30.011,translation_32_right,2,5318
-6.634336,24.2317,translation_32_right,6,3515
-21.126713,31.126894,translation_32_right,4,4642
51.674564,-19.18648,translation_32_right,9,852
62.647964,5.276236,translation_32_right,8,1247
16.708761,-39.201588,translation_32_right,2,7084
46.924294,-9.676138,translation_32_right,9,5301
7.935475,14.563079,translation_32_right,6,5082
-22.038149,23.295555,translation_32_right,4,5077
-34.03485,-4.406713,translation_32_right,3,1563
-48.64359,13.340719,translation_32_right,7,29
-53.858383,12.10202,translation_32_right,7,3867
9.906703,11.131495,translation_32_right,6,4620
22.974895,-22.902277,translation_32_right,2,4065
1.1144878,-13.413356,translation_32_right,5,1095
-25.474762,-26.424479,translation_32_right,3,4229
-26.218658,-13.453632,translation_32_right,3,3562
51.35848,16.58405,translation_32_right,8,2342
13.903245,14.460515,translation_32_right,6,1667
-53.887203,-13.258955,translation_32_right,1,7033
-34.30274,11.019948,translation_32_right,7,1771
57.90653,9.667176,translation_32_right,8,3157
-9.035209,-25.17786,translation_32_right,3,3851
-41.84888,21.271162,translation_32_right,7,1287
20.598944,38.439243,translation_32_right,0,7320
7.4830227,15.280643,translation_32_right,6,7600
-6.269738,-17.481169,translation_32_right,5,3852
-46.960533,12.667053,translation_32_right,7,269
-40.085423,18.889444,translation_32_right,7,1703
-8.515232,-6.341818,translation_32_right,5,7776
-23.074455,32.836567,translation_32_right,4,3891
16.75551,40.325546,translation_32_right,0,7009
23.326324,45.42209,translation_32_right,0,4893
55.036873,-18.556583,translation_32_right,9,2351
-46.01905,-27.764015,translation_32_right,1,3550
-54.381294,2.5160272,translation_32_right,7,5719
-55.146626,1.4600191,translation_32_right,7,1884
-21.515228,24.758564,translation_32_right,4,2898
-55.032387,-9.38719,translation_32_right,1,4640
-17.786737,32.303474,translation_32_right,4,7610
62.44197,8.022919,translation_32_right,8,1833
30.097635,17.537472,translation_32_right,0,6455
39.595127,-18.422962,translation_32_right,9,3893
7.54527,13.280787,translation_32_right,6,4731
-1.7335529,15.353129,translation_32_right,6,929
-0.5861766,17.193125,translation_32_right,6,3962
-11.062381,-27.654867,translation_32_right,3,3778
-27.75325,16.744478,translation_32_right,4,1429
24.417665,-39.510857,translation_32_right,2,49
45.11173,-9.3452835,translation_32_right,9,276
-59.30407,-16.812008,translation_32_right,1,6076
18.741264,41.003777,translation_32_right,0,1389
15.573833,-53.310623,translation_32_right,2,3362
21.400652,-33.329044,translation_32_right,2,317
24.444061,47.93941,translation_32_right,0,4675
-11.155255,1.5709218,translation_32_right,5,5924
-43.310104,-11.890503,translation_32_right,1,198
9.116931,8.600661,translation_32_right,6,7779
-23.068504,19.715805,translation_32_right,4,4054
-18.38687,24.643019,translation_32_right,4,5556
-57.872944,-13.402758,translation_32_right,1,2687
22.257292,-32.00253,translation_32_right,2,1202
-1.5913837,-25.846968,translation_32_right,5,97
-24.936525,25.241404,translation_32_right,4,6033
-45.70667,8.638947,translation_32_right,7,1711
35.3714,-10.808955,translation_32_right,9,1430
61.31844,10.71597,translation_32_right,8,739
-53.672874,-13.0966835,translation_32_right,1,3491
-39.759064,-21.33424,translation_32_right,1,1568
-18.495073,26.19557,translation_32_right,4,1211
25.75317,-37.83346,translation_32_right,2,4913
15.059199,-51.65872,translation_32_right,2,2502
-21.434412,-22.928177,translation_32_right,3,2539
-15.3692465,-26.718622,translation_32_right,3,979
20.052185,-27.18566,translation_32_right,2,6354
26.089703,-39.78146,translation_32_right,2,4735
29.387243,39.992855,translation_32_right,0,5912
4.4350824,14.597982,translation_32_right,6,3844
-24.104408,-14.582473,translation_32_right,3,1263
-53.00364,14.295507,translation_32_right,7,3404
51.330803,27.315235,translation_32_right,8,3905
39.809483,10.5923195,translation_32_right,0,1596
38.916515,9.690627,translation_32_right,0,3083
2.1597836,13.277723,translation_32_right,6,2003
15.637496,-52.108704,translation_32_right,2,5030
-60.22252,-16.741495,translation_32_right,1,95
-11.04154,17.483822,translation_32_right,4,2757
-59.225708,-15.543072,translation_32_right,1,3413
-48.146114,7.0363655,translation_32_right,1,5488
7.3994927,9.920842,translation_32_right,6,4827
-13.363167,1.6500869,translation_32_right,5,1877
-46.47195,-13.361778,translation_32_right,1,2157
-17.584217,-20.804804,translation_32_right,3,4821
-14.46355,-5.7436047,translation_32_right,5,4953
49.550232,22.169365,translation_32_right,8,5525
-4.899671,5.037295,translation_32_right,5,5381
-24.489557,-24.231613,translation_32_right,3,672
-52.029892,17.461494,translation_32_right,7,323
-41.204315,19.966606,translation_32_right,7,5436
-53.17326,5.1687756,translation_32_right,7,5450
-5.4629803,-10.885901,translation_32_right,5,6358
-23.06365,-18.913397,translation_32_right,3,372
-3.3860834,-26.588404,translation_32_right,5,378
-18.328308,-3.2260973,translation_32_right,5,7706
-50.15843,-21.513655,translation_32_right,1,2178
23.325953,-32.5032,translation_32_right,2,5237
29.468819,15.79286,translation_32_right,0,5478
50.394104,-12.466387,translation_32_right,9,5452
-20.953245,26.512785,translation_32_right,4,5623
-41.14353,-2.8899708,translation_32_right,7,6772
-20.898222,21.578594,translation_32_right,4,1111
-12.13935,-23.789003,translation_32_right,3,5528
3.6267996,15.482213,translation_32_right,6,3777
-2.1429257,-4.6086197,translation_32_right,5,2458
18.10721,-33.606434,translation_32_right,2,4921
58.74994,9.5119915,translation_32_right,8,3015
41.34087,12.16811,translation_32_right,8,7476
31.202377,-34.656834,translation_32_right,2,1520
14.266101,8.189156,translation_32_right,6,6713
-59.93191,-13.476335,translation_32_right,1,1852
-3.4873283,-27.532606,translation_32_right,5,2268
59.83228,16.85424,translation_32_right,8,151
3.2457094,14.574828,translation_32_right,6,890
-51.575336,-27.521935,translation_32_right,1,825
-32.189926,-25.211424,translation_32_right,3,2536
16.47543,-51.63465,translation_32_right,2,470
-57.16139,-20.034073,translation_32_right,1,5256
48.251865,-12.130574,translation_32_right,9,2011
25.332508,46.253624,translation_32_right,0,7150
3.739537,13.20329,translation_32_right,6,449
-19.815958,34.834972,translation_32_right,4,2704
36.955975,11.675705,translation_32_right,0,3437
-23.86336,-12.293524,translation_32_right,3,3375
57.062107,3.207182,translation_32_right,8,4552
-0.5597269,22.606777,translation_32_right,6,920
37.473244,9.24983,translation_32_right,0,2242
58.59229,11.708976,translation_32_right,8,2745
-53.941334,0.14562167,translation_32_right,7,1032
-17.741602,-25.22567,translation_32_right,3,365
-4.145459,-12.277526,translation_32_right,5,4850
32.465664,42.40572,translation_32_right,0,4819
3.4176064,23.61233,translation_32_right,6,7338
21.934166,45.897125,translation_32_right,0,7372
-51.099045,-28.22733,translation_32_right,1,1090
-20.772718,30.248705,translation_32_right,4,5062
14.723284,-32.56785,translation_32_right,2,981
2.235827,1.1332875,translation_32_right,6,5857
-22.40058,-4.4134455,translation_32_right,1,1986
-21.701284,-4.9373207,translation_32_right,1,5560
24.809187,-40.303196,translation_32_right,2,1814
59.801018,10.58574,translation_32_right,8,194
-58.200607,-15.815484,translation_32_right,1,1993
22.778328,-38.508934,translation_32_right,2,5333
51.349632,18.22076,translation_32_right,8,4311
21.102785,-40.89302,translation_32_right,2,7425
-1.881754,-22.026394,translation_32_right,5,3889
-42.306828,5.0347285,translation_32_right,7,4308
-14.29543,10.884281,translation_32_right,4,1960
31.863663,37.85813,translation_32_right,0,4399
15.712666,6.2514505,translation_32_right,6,3191
-5.8113966,-15.018616,translation_32_right,5,1626
-28.14582,-26.919537,translation_32_right,3,176
0.042542994,13.801125,translation_32_right,6,7726
-10.419111,1.0358171,translation_32_right,5,2334
23.948606,48.151936,translation_32_right,0,1648
-54.744465,2.9134772,translation_32_right,7,6084
29.298225,43.35696,translation_32_right,0,3455
38.284523,-18.148653,translation_32_right,9,1468
-39.871216,-1.3578287,translation_32_right,7,1296
-20.45337,24.23659,translation_32_right,4,5213
54.716236,-19.882221,translation_32_right,9,7047
37.182064,-13.586307,translation_32_right,9,5360
19.093548,-31.817501,translation_32_right,2,5824
55.64895,2.4465559,translation_32_right,8,7460
-53.857834,15.079328,translation_32_right,7,4791
23.13195,-34.067135,translation_32_right,2,6692
35.829514,-0.62198406,translation_32_right,9,6931
55.090572,8.438878,translation_32_right,8,667
-0.8823759,19.300936,translation_32_right,6,7781
-15.621455,-10.3502865,translation_32_right,3,7793
54.15601,-12.167957,translation_32_right,9,1411
-49.596554,7.2033596,translation_32_right,7,1473
-7.2030635,-5.000216,translation_32_right,5,7130
-24.907696,0.32495618,translation_32_right,7,1956
-15.594878,-8.0767565,translation_32_right,5,6716
-0.08827751,-4.9174776,translation_32_right,5,4106
8.423207,17.075851,translation_32_right,6,3494
-18.402363,34.437664,translation_32_right,4,691
-39.005924,-14.185722,translation_32_right,1,5220
-26.99698,-28.870825,translation_32_right,3,4908
-64.132225,-23.565838,translation_32_right,1,7029
19.508745,39.94424,translation_32_right,0,4130
41.471504,-11.600045,translation_32_right,9,7938
-9.992539,-9.154485,translation_32_right,5,5101
51.08607,-16.832886,translation_32_right,9,1515
-22.803518,24.685,translation_32_right,4,3287
60.442482,16.036396,translation_32_right,8,716
-51.907433,3.285131,translation_32_right,7,4236
-3.6204526,17.417227,translation_32_right,6,5408
-11.972672,-8.232026,translation_32_right,5,5496
-17.475754,21.12263,translation_32_right,4,3365
-13.786122,-25.03589,translation_32_right,3,4323
-19.455357,23.792398,translation_32_right,4,5467
-12.651076,-4.400888,translation_32_right,5,1644
54.766533,24.522327,translation_32_right,8,3948
-55.775013,11.812553,translation_32_right,7,6726
20.451399,-38.067425,translation_32_right,2,5395
-45.944637,8.406302,translation_32_right,7,1579
27.709396,41.808594,translation_32_right,0,5918
-4.131892,-20.438974,translation_32_right,5,7041
-22.858648,35.78543,translation_32_right,4,506
0.7228448,12.597883,translation_32_right,6,4011
49.473827,-10.727408,translation_32_right,9,5981
17.980698,-47.1744,translation_32_right,2,409
-45.94168,-12.417401,translation_32_right,1,6954
15.58675,5.4051895,translation_32_right,6,7555
22.615408,47.279446,translation_32_right,0,3965
34.778664,1.4062645,translation_32_right,9,7266
20.290098,49.698093,translation_32_right,0,4785
15.195759,-33.662567,translation_32_right,2,6028
26.508255,-38.90348,translation_32_right,2,6503
-12.98608,-14.039638,translation_32_right,5,6414
12.50752,9.869774,translation_32_right,6,5382
-64.91242,-23.77295,translation_32_right,1,6836
-21.217398,22.632683,translation_32_right,4,6508
-22.952877,31.06034,translation_32_right,4,3994
35.483356,-7.8582106,translation_32_right,9,3942
-54.416477,13.767886,translation_32_right,7,3542
-21.077776,-18.088276,translation_32_right,3,6952
-29.082518,12.167888,translation_32_right,5,4290
53.398228,24.7712,translation_32_right,8,7446
-47.357445,-24.501616,translation_32_right,1,6169
-47.912754,-23.62625,translation_32_right,1,1109
-18.872477,21.210358,translation_32_right,4,3179
-55.54864,13.811786,translation_32_right,7,7835
-51.085827,-24.837776,translation_32_right,1,7390
-3.418701,-28.610703,translation_32_right,5,568
-23.443823,31.963154,translation_32_right,4,4629
52.650772,10.051187,translation_32_right,8,7138
35.485046,-8.920942,translation_32_right,9,5284
21.12735,50.529785,translation_32_right,0,3
-57.499836,-16.728409,translation_32_right,1,2690
-5.787337,21.37387,translation_32_right,6,5858
-23.736168,33.064224,translation_32_right,4,1266
-20.777525,28.792027,translation_32_right,4,3034
43.634357,-14.103516,translation_32_right,9,2655
-42.006252,22.768694,translation_32_right,7,6190
55.373554,5.822962,translation_32_right,8,4170
52.193092,-16.932835,translation_32_right,9,7380
35.079193,-16.531197,translation_32_right,9,7752
23.751793,-7.8826323,translation_32_right,9,3996
-32.18436,-21.022827,translation_32_right,3,1204
42.17209,-12.167787,translation_32_right,9,1654
-2.6002488,19.751055,translation_32_right,6,4746
-22.736578,-28.33367,translation_32_right,3,4590
28.96308,34.158817,translation_32_right,0,562
-4.6762733,14.046647,translation_32_right,6,7108
30.604326,31.447706,translation_32_right,0,5999
21.393784,-36.741066,translation_32_right,2,1403
-52.598,13.9886265,translation_32_right,7,4403
26.53701,-42.102505,translation_32_right,2,6332
20.721378,-34.811287,translation_32_right,2,6264
54.526955,-17.625902,translation_32_right,9,303
-19.753279,-30.656017,translation_32_right,3,791
23.295385,-41.68722,translation_32_right,2,3067
40.122314,11.368024,translation_32_right,0,484
-16.78727,-24.423157,translation_32_right,3,1370
34.942806,3.0585783,translation_32_right,8,4069
14.728109,43.080894,translation_32_right,0,7373
-21.879957,5.640791,translation_32_right,3,4330
-9.767584,-19.104399,translation_32_right,5,5701
18.214264,41.72678,translation_32_right,0,7465
-23.456339,-11.033156,translation_32_right,3,1531
58.997448,9.893557,translation_32_right,8,4676
-25.566435,-14.962001,translation_32_right,3,4531
52.125835,24.359966,translation_32_right,8,706
51.39164,22.393616,translation_32_right,8,2844
19.01821,-33.32109,translation_32_right,2,3755
-41.48839,19.153242,translation_32_right,7,5848
38.68164,-18.701748,translation_32_right,9,2114
35.399643,9.80943,translation_32_right,0,3876
-18.660368,-30.682072,translation_32_right,3,677
-30.235678,-24.745506,translation_32_right,1,2116
-52.417633,10.008782,translation_32_right,7,4661
11.544862,8.910433,translation_32_right,6,2676
35.884144,37.2328,translation_32_right,0,3025
33.13114,-7.2581096,translation_32_right,9,4449
6.2757297,14.135251,translation_32_right,6,977
57.95253,4.8166094,translation_32_right,8,4990
16.874699,41.57527,translation_32_right,0,7309
-56.143604,14.907715,translation_32_right,7,1048
-26.156158,-15.225003,translation_32_right,3,3276
26.80075,-11.381932,translation_32_right,2,5512
-24.198145,32.38867,translation_32_right,4,7692
-62.74098,-22.924452,translation_32_right,1,1436
35.07911,-14.463669,translation_32_right,9,7544
-32.00157,-28.305454,translation_32_right,3,3383
27.509525,44.13954,translation_32_right,0,1977
38.33708,11.159343,translation_32_right,0,2750
6.659321,13.942616,translation_32_right,6,7996
-9.554827,-3.928242,translation_32_right,5,6989
-7.1858883,-27.441883,translation_32_right,3,1431
-7.471816,-24.725735,translation_32_right,3,7416
-14.594891,-7.1710615,translation_32_right,5,4547
17.094746,36.864594,translation_32_right,0,42
28.7802,44.356075,translation_32_right,0,5117
10.496757,6.64546,translation_32_right,6,4411
-19.820578,20.034292,translation_32_right,4,5789
23.531773,-30.220167,translation_32_right,2,483
-43.37434,-1.7747593,translation_32_right,7,6650
-34.81884,-25.423613,translation_32_right,3,4881
-25.372139,-22.089237,translation_32_right,3,391
-54.97269,15.333006,translation_32_right,7,370
46.003242,-15.52574,translation_32_right,9,419
39.662403,-10.845693,translation_32_right,9,3318
50.505703,1.5903784,translation_32_right,8,4355
-23.370394,21.566538,translation_32_right,4,5402
-1.2820812,-9.410442,translation_32_right,5,5332
44.11844,-11.781344,translation_32_right,9,239
17.8078,-50.631332,translation_32_right,2,6271
50.229717,20.558308,translation_32_right,8,1129
-29.202568,11.714022,translation_32_right,5,2391
46.209198,-12.910726,translation_32_right,9,191
53.12719,-15.79423,translation_32_right,9,5447
-13.054856,36.2608,translation_32_right,4,6528
-34.850773,-24.353197,patch_shuffle,3,632
45.143112,-5.215211,patch_shuffle,9,131
-50.828613,-1.208462,patch_shuffle,7,7081
31.37051,-5.591072,patch_shuffle,9,1836
26.986557,34.473385,patch_shuffle,0,6437
38.63787,6.7649317,patch_shuffle,0,6609
-37.048252,7.775254,patch_shuffle,7,3467
-29.942223,-17.749733,patch_shuffle,3,1401
25.998453,-24.448109,patch_shuffle,2,1839
-22.94041,2.5908098,patch_shuffle,3,4168
30.130539,-28.664225,patch_shuffle,2,35
49.85177,11.186109,patch_shuffle,8,4177
-45.265766,5.7892694,patch_shuffle,7,7270
-15.627605,3.7686648,patch_shuffle,5,2265
-38.20905,16.256933,patch_shuffle,7,3288
53.51323,14.672767,patch_shuffle,8,5451
-25.825808,4.6737347,patch_shuffle,3,4023
-52.720806,-30.510225,patch_shuffle,1,261
-13.370149,4.176688,patch_shuffle,5,4570
-9.766696,-14.347503,patch_shuffle,5,4966
-46.534878,-16.17579,patch_shuffle,1,7955
-25.575134,11.140229,patch_shuffle,4,6288
53.72268,15.29406,patch_shuffle,8,7810
-39.93425,5.8021393,patch_shuffle,7,1927
-25.32343,-2.0840774,patch_shuffle,1,1871
-0.89918655,-7.227925,patch_shuffle,5,6922
-20.938906,10.015698,patch_shuffle,4,3512
-0.3711015,10.723988,patch_shuffle,6,4754
23.20349,-25.770596,patch_shuffle,2,714
49.534336,13.944546,patch_shuffle,8,2191
26.331348,40.052914,patch_shuffle,0,4615
53.906494,18.586117,patch_shuffle,8,4662
31.359995,-8.714689,patch_shuffle,9,5915
-5.3890595,9.372054,patch_shuffle,4,766
13.958079,-51.87673,patch_shuffle,2,5218
57.469433,14.523085,patch_shuffle,8,2340
42.66353,13.408716,patch_shuffle,8,1954
46.660328,25.395596,patch_shuffle,8,7875
6.0355806,11.884253,patch_shuffle,6,3418
36.29028,-4.683406,patch_shuffle,9,5572
-53.75683,0.99680704,patch_shuffle,7,5977
-54.10178,-26.079943,patch_shuffle,1,5123
30.639708,-5.36734,patch_shuffle,9,5851
42.502274,-2.918124,patch_shuffle,9,4094
-2.5219378,12.70441,patch_shuffle,6,4254
-40.32887,6.3140144,patch_shuffle,7,2501
-55.19963,-16.57439,patch_shuffle,1,6938
-24.807907,16.109257,patch_shuffle,4,171
-40.498653,-10.801418,patch_shuffle,3,4215
54.658657,16.402985,patch_shuffle,8,5705
-19.644508,13.745018,patch_shuffle,4,3458
-38.15899,16.017078,patch_shuffle,7,1220
56.591293,13.969878,patch_shuffle,8,962
-11.096374,-21.55237,patch_shuffle,5,2950
-3.26444,-12.604915,patch_shuffle,5,2623
28.457815,37.321304,patch_shuffle,0,4539
28.882334,31.194477,patch_shuffle,0,1553
-18.936127,16.42173,patch_shuffle,4,4740
26.134846,41.427242,patch_shuffle,0,6844
-37.24901,14.489128,patch_shuffle,7,2668
-37.60407,14.53887,patch_shuffle,7,3153
-13.475195,21.703325,patch_shuffle,4,5135
-34.871914,-10.994013,patch_shuffle,3,2291
-46.414997,-23.271914,patch_shuffle,1,116
-35.91161,3.6752584,patch_shuffle,3,7797
-30.976927,8.344858,patch_shuffle,3,4609
32.514275,34.63676,patch_shuffle,0,81
-1.5027956,10.63081,patch_shuffle,6,5580
28.778263,-27.220203,patch_shuffle,2,3024
-4.1325927,-22.555769,patch_shuffle,5,2766
46.465973,12.439251,patch_shuffle,8,5000
5.1857634,3.7126324,patch_shuffle,6,2610
30.285372,15.791276,patch_shuffle,0,2024
-21.863543,18.328064,patch_shuffle,4,6097
9.648755,1.1101078,patch_shuffle,6,964
27.00161,39.317883,patch_shuffle,0,7634
54.22862,15.607362,patch_shuffle,8,6434
13.478291,-52.625996,patch_shuffle,2,5183
41.910126,9.990733,patch_shuffle,0,6986
-15.320633,5.76895,patch_shuffle,5,645
28.703836,37.11569,patch_shuffle,0,3347
27.70461,-25.051422,patch_shuffle,2,5677
52.200817,12.423507,patch_shuffle,8,3412
-46.672302,-16.853882,patch_shuffle,1,3937
-3.371702,22.09192,patch_shuffle,6,873
31.925098,-6.0710363,patch_shuffle,9,2167
-35.48295,-22.390339,patch_shuffle,3,6490
-10.958175,-14.429187,patch_shuffle,3,738
28.003208,-26.222803,patch_shuffle,2,6616
9.788539,1.3835194,patch_shuffle,6,4093
36.300873,-18.126213,patch_shuffle,9,5788
46.47617,-3.4317622,patch_shuffle,8,7818
-40.295544,-13.600931,patch_shuffle,1,304
24.608154,-28.166197,patch_shuffle,2,2082
-38.42057,1.9220713,patch_shuffle,7,2746
-17.904102,6.884986,patch_shuffle,4,7944
49.198544,10.381328,patch_shuffle,8,6689
37.236317,3.084853,patch_shuffle,9,2414
-0.47335467,3.9932964,patch_shuffle,6,3779
-44.801174,-13.285611,patch_shuffle,1,2095
27.308102,37.13835,patch_shuffle,0,7262
50.33935,26.569132,patch_shuffle,8,5694
-1.5520039,-24.737743,patch_shuffle,5,7413
-51.548527,-29.784853,patch_shuffle,1,6805
-40.57291,-5.728082,patch_shuffle,7,3446
-38.991608,-4.2052608,patch_shuffle,5,2807
-21.586754,11.988124,patch_shuffle,4,7940
-37.289776,15.708592,patch_shuffle,7,4172
-5.2335606,-23.257748,patch_shuffle,3,7744
25.067879,-25.030212,patch_shuffle,2,1586
52.834114,13.79613,patch_shuffle,8,7999
-41.38171,-7.275272,patch_shuffle,1,6349
-48.217407,-26.549482,patch_shuffle,1,6594
48.46405,24.85132,patch_shuffle,8,2109
-62.481514,-25.07842,patch_shuffle,1,3079
-42.047626,-9.696163,patch_shuffle,1,2070
-13.682072,-11.470593,patch_shuffle,5,319
43.63624,1.1104093,patch_shuffle,0,2888
-12.295367,1.8474436,patch_shuffle,5,6224
-23.376307,-0.1149901,patch_shuffle,5,3353
23.543077,-25.16206,patch_shuffle,2,6244
-39.50076,4.3960886,patch_shuffle,7,4704
-13.399713,-0.25218144,patch_shuffle,5,2427
31.019308,-27.081257,patch_shuffle,9,7995
-23.025923,12.723536,patch_shuffle,4,1124
-23.542017,-2.8984904,patch_shuffle,1,6733
50.72594,-9.546341,patch_shuffle,9,2062
29.92395,-11.740839,patch_shuffle,9,805
-34.136738,-13.0060835,patch_shuffle,3,2028
30.522194,-27.900377,patch_shuffle,2,2392
9.411073,5.1202455,patch_shuffle,6,3292
-37.189747,6.074815,patch_shuffle,7,1440
-28.154291,3.5293517,patch_shuffle,1,1115
58.40909,14.164922,patch_shuffle,8,4242
48.602352,8.601264,patch_shuffle,8,2230
29.09256,-29.885883,patch_shuffle,2,3163
16.563429,3.8586526,patch_shuffle,6,545
1.0408922,-12.010661,patch_shuffle,5,3863
-51.117146,4.51313,patch_shuffle,7,4748
-18.349182,17.889605,patch_shuffle,4,2399
4.1300774,11.126332,patch_shuffle,6,4341
-17.768688,36.850918,patch_shuffle,4,3078
-19.834616,17.875727,patch_shuffle,4,3763
5.688334,11.648517,patch_shuffle,6,2958
13.350524,6.407007,patch_shuffle,6,6381
46.73331,23.130133,patch_shuffle,8,1640
49.09781,19.469727,patch_shuffle,8,1783
-36.125088,-21.611753,patch_shuffle,3,3914
15.604826,15.737261,patch_shuffle,6,1534
-8.270852,-13.662176,patch_shuffle,5,685
28.197054,38.06475,patch_shuffle,0,4617
50.730648,-9.310069,patch_shuffle,9,5508
32.981007,-11.763778,patch_shuffle,9,1022
-43.56303,-4.230959,patch_shuffle,1,1230
-17.708004,14.277612,patch_shuffle,4,7475
26.203089,-23.462086,patch_shuffle,2,5756
-23.880373,10.90331,patch_shuffle,4,3122
-65.08974,-25.17765,patch_shuffle,1,7202
37.7856,-3.71505,patch_shuffle,9,4723
-16.002153,2.9646618,patch_shuffle,5,1552
26.460213,-7.582877,patch_shuffle,9,603
-21.38975,-26.349253,patch_shuffle,3,2861
26.20769,-24.125587,patch_shuffle,2,6426
-22.71844,18.227627,patch_shuffle,4,7864
1.3795047,10.248781,patch_shuffle,6,5729
-18.30132,-1.2243501,patch_shuffle,5,7474
-45.260464,-14.810602,patch_shuffle,1,4298
26.480513,39.3939,patch_shuffle,0,1175
28.000004,-24.527018,patch_shuffle,2,3454
-21.479868,8.117207,patch_shuffle,3,2754
5.950446,1.4831479,patch_shuffle,4,855
-38.40527,13.838466,patch_shuffle,7,2854
-61.61497,-24.672802,patch_shuffle,1,5092
48.270485,0.94770616,patch_shuffle,9,5590
-31.745333,-19.254797,patch_shuffle,3,4463
25.408926,-29.00995,patch_shuffle,2,5318
-6.8503776,23.582167,patch_shuffle,6,3515
-18.236935,9.18297,patch_shuffle,4,4642
29.877064,-11.985518,patch_shuffle,9,852
62.95286,5.0616245,patch_shuffle,8,1247
28.132843,-30.602245,patch_shuffle,2,7084
43.8365,-0.96259815,patch_shuffle,9,5301
3.9855955,10.880569,patch_shuffle,6,5082
-21.943405,14.062679,patch_shuffle,4,5077
-42.178883,-3.9444156,patch_shuffle,3,1563
-31.551971,8.09078,patch_shuffle,7,29
-37.32743,4.6565843,patch_shuffle,7,3867
8.076312,6.1675115,patch_shuffle,6,4620
24.639194,-23.465874,patch_shuffle,2,4065
0.36650258,-12.77093,patch_shuffle,5,1095
-35.3854,-10.341005,patch_shuffle,3,4229
-25.15016,10.33874,patch_shuffle,3,3562
51.665348,15.538135,patch_shuffle,8,2342
15.625031,15.708367,patch_shuffle,6,1667
-41.406487,-7.7164254,patch_shuffle,1,7033
-33.60885,9.921271,patch_shuffle,7,1771
55.6653,13.485364,patch_shuffle,8,3157
-5.2746434,-24.654156,patch_shuffle,3,3851
-37.540607,15.855441,patch_shuffle,7,1287
21.272846,37.60331,patch_shuffle,0,7320
5.8883934,10.708145,patch_shuffle,6,7600
-6.2429004,-17.802532,patch_shuffle,5,3852
-33.92537,7.4929094,patch_shuffle,7,269
-39.184708,13.8369055,patch_shuffle,7,1703
-9.389643,-7.2423043,patch_shuffle,5,7776
-23.70403,10.225103,patch_shuffle,4,3891
41.851933,0.06098304,patch_shuffle,0,7009
26.721441,37.178417,patch_shuffle,0,4893
30.504612,-7.2112136,patch_shuffle,9,2351
-45.654537,-27.712866,patch_shuffle,1,3550
-53.595814,1.8387218,patch_shuffle,7,5719
-42.224815,-3.7789931,patch_shuffle,7,1884
-19.76014,15.711589,patch_shuffle,4,2898
-54.56886,-9.68794,patch_shuffle,1,4640
-17.18479,31.778078,patch_shuffle,4,7610
59.329327,14.167947,patch_shuffle,8,1833
30.827148,16.432175,patch_shuffle,0,6455
36.596703,-18.635471,patch_shuffle,9,3893
-4.7796054,9.200544,patch_shuffle,6,4731
-1.0625052,10.7117605,patch_shuffle,6,929
-15.1599655,7.183013,patch_shuffle,6,3962
-12.537709,-26.202332,patch_shuffle,3,3778
-27.492687,16.259546,patch_shuffle,4,1429
30.519545,-29.45527,patch_shuffle,2,49
33.664886,-0.8193432,patch_shuffle,9,276
-55.876244,-17.124138,patch_shuffle,1,6076
24.397432,38.20804,patch_shuffle,0,1389
13.91088,-53.18023,patch_shuffle,2,3362
27.81496,-28.888575,patch_shuffle,2,317
25.636822,38.473186,patch_shuffle,0,4675
-12.007946,2.9330113,patch_shuffle,5,5924
-42.853542,-12.142004,patch_shuffle,1,198
8.69794,7.2492447,patch_shuffle,6,7779
-22.570665,18.080475,patch_shuffle,4,4054
-17.908922,15.478855,patch_shuffle,4,5556
-45.067486,-14.96035,patch_shuffle,1,2687
24.073383,-27.092167,patch_shuffle,2,1202
-1.6124681,-24.998978,patch_shuffle,5,97
-23.123415,16.249718,patch_shuffle,4,6033
-44.315662,7.871781,patch_shuffle,7,1711
30.433765,-11.401374,patch_shuffle,9,1430
55.639236,14.390259,patch_shuffle,8,739
-53.34095,-10.970457,patch_shuffle,1,3491
-39.75122,-21.305752,patch_shuffle,1,1568
-17.838694,13.86117,patch_shuffle,4,1211
29.166346,-28.921812,patch_shuffle,2,4913
14.201654,-52.634476,patch_shuffle,2,2502
-21.37591,-22.820368,patch_shuffle,3,2539
-14.8387985,-27.260965,patch_shuffle,3,979
23.545748,-25.579227,patch_shuffle,2,6354
30.86616,-27.199207,patch_shuffle,2,4735
27.54276,35.980736,patch_shuffle,0,5912
2.3144863,9.606758,patch_shuffle,6,3844
-25.739962,5.232728,patch_shuffle,3,1263
-39.4648,5.469014,patch_shuffle,7,3404
50.48228,26.996004,patch_shuffle,8,3905
40.460606,9.51221,patch_shuffle,0,1596
40.19716,9.295542,patch_shuffle,0,3083
1.0431789,10.663597,patch_shuffle,6,2003
13.58642,-52.54247,patch_shuffle,2,5030
-54.885162,-16.660479,patch_shuffle,1,95
-20.481865,7.64352,patch_shuffle,4,2757
-45.343662,-13.440953,patch_shuffle,1,3413
-39.633255,2.5626047,patch_shuffle,1,5488
6.324138,8.483862,patch_shuffle,6,4827
-20.002066,10.416309,patch_shuffle,5,1877
-46.760742,-14.000674,patch_shuffle,1,2157
-17.590765,-20.694668,patch_shuffle,3,4821
-13.700436,-10.554946,patch_shuffle,5,4953
48.02706,24.617783,patch_shuffle,8,5525
-4.394906,5.7078114,patch_shuffle,5,5381
-34.83587,-11.018579,patch_shuffle,3,672
-34.668438,7.9146934,patch_shuffle,7,323
-39.06336,17.374077,patch_shuffle,7,5436
-43.70328,5.368628,patch_shuffle,7,5450
-5.9908338,-11.942584,patch_shuffle,5,6358
-37.169865,-12.536744,patch_shuffle,3,372
-4.026627,-25.696285,patch_shuffle,5,378
-19.112724,-2.6140804,patch_shuffle,5,7706
-50.1955,-22.031872,patch_shuffle,1,2178
26.079975,-28.761566,patch_shuffle,2,5237
29.922812,15.360312,patch_shuffle,0,5478
45.666317,-4.0344224,patch_shuffle,9,5452
-27.267696,6.9284053,patch_shuffle,4,5623
-41.19089,-4.0068517,patch_shuffle,7,6772
-19.626312,14.699246,patch_shuffle,4,1111
-12.091387,-22.980042,patch_shuffle,3,5528
-17.56392,15.177353,patch_shuffle,6,3777
-28.985842,10.525461,patch_shuffle,5,2458
27.631365,-29.724264,patch_shuffle,2,4921
55.358414,12.992508,patch_shuffle,8,3015
41.57398,11.493602,patch_shuffle,8,7476
25.016644,-21.993578,patch_shuffle,2,1520
13.001273,6.225584,patch_shuffle,6,6713
-53.148922,-11.539375,patch_shuffle,1,1852
-4.310138,-25.143787,patch_shuffle,5,2268
58.442303,14.996831,patch_shuffle,8,151
2.1153297,10.897957,patch_shuffle,6,890
-51.44407,-29.661686,patch_shuffle,1,825
-33.913857,-24.197449,patch_shuffle,3,2536
13.276436,-52.12829,patch_shuffle,2,470
-46.489677,-16.712492,patch_shuffle,1,5256
45.56494,-4.1969676,patch_shuffle,9,2011
25.879734,39.793762,patch_shuffle,0,7150
-1.1609782,8.503142,patch_shuffle,6,449
-17.759367,10.2020445,patch_shuffle,4,2704
37.22965,3.8824651,patch_shuffle,0,3437
-17.73346,5.265875,patch_shuffle,3,3375
54.496807,13.4796505,patch_shuffle,8,4552
-0.5002555,4.052897,patch_shuffle,6,920
38.095596,7.300147,patch_shuffle,0,2242
56.64542,12.984005,patch_shuffle,8,2745
-53.535786,-0.67804605,patch_shuffle,7,1032
-30.802084,-20.411535,patch_shuffle,3,365
-4.898921,-12.5491905,patch_shuffle,5,4850
27.926207,37.92097,patch_shuffle,0,4819
-0.5220527,3.9398177,patch_shuffle,6,7338
24.340069,40.41163,patch_shuffle,0,7372
-51.274487,-29.402233,patch_shuffle,1,1090
-16.323977,10.020104,patch_shuffle,4,5062
24.623535,-25.477818,patch_shuffle,2,981
1.8098484,0.96815383,patch_shuffle,6,5857
-23.244246,-3.4154062,patch_shuffle,1,1986
-21.316757,-5.000402,patch_shuffle,1,5560
30.79962,-28.999475,patch_shuffle,2,1814
54.987167,13.532579,patch_shuffle,8,194
-55.677937,-17.00201,patch_shuffle,1,1993
24.734777,-24.445526,patch_shuffle,2,5333
53.30942,15.76528,patch_shuffle,8,4311
28.461021,-31.121979,patch_shuffle,2,7425
-3.4639122,-23.727194,patch_shuffle,5,3889
-41.654438,5.212351,patch_shuffle,7,4308
-15.879316,9.943768,patch_shuffle,4,1960
26.828117,32.78719,patch_shuffle,0,4399
14.131576,4.8597746,patch_shuffle,6,3191
-6.828165,-14.698486,patch_shuffle,5,1626
-34.830906,-21.576544,patch_shuffle,3,176
-1.5067048,12.104719,patch_shuffle,6,7726
-12.977353,4.096327,patch_shuffle,5,2334
24.800291,41.483723,patch_shuffle,0,1648
-51.21009,-0.79774266,patch_shuffle,7,6084
27.365646,37.497112,patch_shuffle,0,3455
36.706913,-18.340555,patch_shuffle,9,1468
-40.559677,-5.1757107,patch_shuffle,7,1296
-19.741438,17.358934,patch_shuffle,4,5213
30.813917,-11.502078,patch_shuffle,9,7047
31.287035,-7.6801105,patch_shuffle,9,5360
26.94243,-25.792803,patch_shuffle,2,5824
49.552002,8.387335,patch_shuffle,8,7460
-38.879627,5.7697783,patch_shuffle,7,4791
28.666334,-26.968266,patch_shuffle,2,6692
36.111492,-0.89914787,patch_shuffle,9,6931
56.81028,14.283827,patch_shuffle,8,667
-15.05982,7.972525,patch_shuffle,6,7781
-14.958637,-11.221084,patch_shuffle,3,7793
42.76304,-2.1571198,patch_shuffle,9,1411
-42.755634,8.192123,patch_shuffle,7,1473
-6.9652004,-4.4416237,patch_shuffle,5,7130
-24.260277,0.77332574,patch_shuffle,7,1956
-16.221817,-7.9269857,patch_shuffle,5,6716
-0.37150317,-4.585095,patch_shuffle,5,4106
6.0495768,8.025317,patch_shuffle,6,3494
-24.62236,10.241997,patch_shuffle,4,691
-38.63757,-13.531326,patch_shuffle,1,5220
-27.95122,-28.41897,patch_shuffle,3,4908
-62.565002,-24.710918,patch_shuffle,1,7029
25.089933,37.380177,patch_shuffle,0,4130
32.2875,-10.96414,patch_shuffle,9,7938
-9.831157,-9.658367,patch_shuffle,5,5101
32.16757,-11.2320175,patch_shuffle,9,1515
-21.920586,13.8189535,patch_shuffle,4,3287
59.60816,15.355368,patch_shuffle,8,716
-39.911427,2.937079,patch_shuffle,7,4236
-20.434063,8.754872,patch_shuffle,6,5408
-12.440969,-8.744904,patch_shuffle,5,5496
-23.606144,1.7505988,patch_shuffle,4,3365
-12.581312,-22.024523,patch_shuffle,3,4323
-18.34482,15.895022,patch_shuffle,4,5467
-12.6635,-2.9863365,patch_shuffle,5,1644
51.45963,11.839777,patch_shuffle,8,3948
-27.817137,7.217498,patch_shuffle,7,6726
26.46355,-26.440813,patch_shuffle,2,5395
-44.334446,7.9951043,patch_shuffle,7,1579
26.980114,34.961796,patch_shuffle,0,5918
-4.2906117,-21.065649,patch_shuffle,5,7041
-27.095194,8.602977,patch_shuffle,4,506
-1.444988,11.343294,patch_shuffle,6,4011
45.242474,-2.8421786,patch_shuffle,9,5981
27.148367,-23.40296,patch_shuffle,2,409
-36.151333,-19.225807,patch_shuffle,1,6954
15.07262,4.204354,patch_shuffle,6,7555
24.266508,42.443405,patch_shuffle,0,3965
35.065983,1.7497562,patch_shuffle,9,7266
26.659077,32.589203,patch_shuffle,0,4785
25.603441,-23.776258,patch_shuffle,2,6028
27.969624,-27.020035,patch_shuffle,2,6503
-13.575573,-13.3203945,patch_shuffle,5,6414
12.690108,3.391546,patch_shuffle,6,5382
-62.223747,-25.246387,patch_shuffle,1,6836
-21.987719,15.099685,patch_shuffle,4,6508
-21.750702,11.347482,patch_shuffle,4,3994
31.88497,-7.1380954,patch_shuffle,9,3942
-39.04156,6.2186174,patch_shuffle,7,3542
-20.957863,-17.746803,patch_shuffle,3,6952
-29.111273,10.451174,patch_shuffle,5,4290
49.496803,26.141563,patch_shuffle,8,7446
-46.87993,-24.693632,patch_shuffle,1,6169
-47.643967,-23.666405,patch_shuffle,1,1109
-26.275433,5.563455,patch_shuffle,4,3179
-38.497482,6.87192,patch_shuffle,7,7835
-52.345493,-30.257442,patch_shuffle,1,7390
-3.7453465,-24.72158,patch_shuffle,5,568
-23.518366,10.450793,patch_shuffle,4,4629
49.386467,11.361733,patch_shuffle,8,7138
32.92906,-9.967554,patch_shuffle,9,5284
35.343864,8.047635,patch_shuffle,0,3
-45.961395,-15.517759,patch_shuffle,1,2690
-19.585735,13.249476,patch_shuffle,6,5858
-17.511868,9.307904,patch_shuffle,4,1266
-20.710241,9.227797,patch_shuffle,4,3034
43.828777,-5.375764,patch_shuffle,9,2655
-37.531105,15.25499,patch_shuffle,7,6190
49.346222,10.365609,patch_shuffle,8,4170
29.969414,-26.57019,patch_shuffle,9,7380
34.105545,-17.301117,patch_shuffle,9,7752
23.758081,-7.813788,patch_shuffle,9,3996
-33.273056,-20.4829,patch_shuffle,3,1204
40.942814,-12.84885,patch_shuffle,9,1654
-15.071089,7.8484807,patch_shuffle,6,4746
-23.120348,-28.33718,patch_shuffle,3,4590
27.66524,34.56407,patch_shuffle,0,562
1.7507194,8.603769,patch_shuffle,6,7108
29.61727,31.381264,patch_shuffle,0,5999
26.484358,-26.855658,patch_shuffle,2,1403
-38.138443,7.996534,patch_shuffle,7,4403
31.667828,-26.585464,patch_shuffle,2,6332
27.554161,-29.973557,patch_shuffle,2,6264
30.487778,-5.4091506,patch_shuffle,9,303
-19.701094,-30.89912,patch_shuffle,3,791
31.290209,-29.473852,patch_shuffle,2,3067
42.02766,10.071779,patch_shuffle,0,484
-16.655262,-23.996752,patch_shuffle,3,1370
35.361916,2.6621957,patch_shuffle,8,4069
43.63639,1.1331265,patch_shuffle,0,7373
-21.993982,6.47166,patch_shuffle,3,4330
-10.45769,-18.955622,patch_shuffle,5,5701
24.961567,38.69227,patch_shuffle,0,7465
-17.638031,5.3359184,patch_shuffle,3,1531
56.712475,13.298907,patch_shuffle,8,4676
-25.675951,4.912168,patch_shuffle,3,4531
47.644253,24.96614,patch_shuffle,8,706
51.57006,22.2044,patch_shuffle,8,2844
27.71283,-29.125692,patch_shuffle,2,3755
-39.69463,16.521385,patch_shuffle,7,5848
36.129265,-18.518385,patch_shuffle,9,2114
35.442657,8.774344,patch_shuffle,0,3876
-18.594206,-31.283857,patch_shuffle,3,677
-35.88047,-19.827915,patch_shuffle,1,2116
-36.854584,4.264415,patch_shuffle,7,4661
9.874095,5.387084,patch_shuffle,6,2676
36.311142,36.522312,patch_shuffle,0,3025
32.320976,-7.224309,patch_shuffle,9,4449
3.6873186,10.86232,patch_shuffle,6,977
47.98747,10.044005,patch_shuffle,8,4990
25.650673,35.004227,patch_shuffle,0,7309
-29.178347,7.530324,patch_shuffle,7,1048
-27.850653,4.1400385,patch_shuffle,3,3276
26.268356,-10.786943,patch_shuffle,2,5512
-27.530003,8.198553,patch_shuffle,4,7692
-61.264225,-24.431612,patch_shuffle,1,1436
31.341429,-8.602016,patch_shuffle,9,7544
-35.526897,-21.13448,patch_shuffle,3,3383
25.742205,39.719982,patch_shuffle,0,1977
40.15375,8.815782,patch_shuffle,0,2750
1.5324812,10.435571,patch_shuffle,6,7996
-8.773057,-3.795523,patch_shuffle,5,6989
-4.8446836,-23.322275,patch_shuffle,3,1431
-6.7232857,-23.514086,patch_shuffle,3,7416
-13.972831,-11.389129,patch_shuffle,5,4547
17.422504,36.42825,patch_shuffle,0,42
29.016474,41.45734,patch_shuffle,0,5117
8.691334,5.7988157,patch_shuffle,6,4411
-21.626673,16.802414,patch_shuffle,4,5789
24.749533,-28.179527,patch_shuffle,2,483
-43.25892,-3.0865166,patch_shuffle,7,6650
-40.692146,-6.928541,patch_shuffle,3,4881
-30.123474,8.02233,patch_shuffle,3,391
-38.1632,5.6942325,patch_shuffle,7,370
42.86767,-4.1249485,patch_shuffle,9,419
26.173843,-10.598869,patch_shuffle,9,3318
48.47517,1.220424,patch_shuffle,8,4355
-21.944578,18.364399,patch_shuffle,4,5402
-0.49860734,-9.039919,patch_shuffle,5,5332
30.25441,-13.158679,patch_shuffle,9,239
13.29209,-51.449074,patch_shuffle,2,6271
48.07323,10.743948,patch_shuffle,8,1129
-29.267538,10.2589855,patch_shuffle,5,2391
28.114378,-22.268095,patch_shuffle,9,191
42.245354,-3.127777,patch_shuffle,9,5447
-14.239637,19.02862,patch_shuffle,4,6528
